"Western date","DateRaw","Easter","DataSummary","Frequency","Percent","Probability","Years","Occurences"
"April 10, 1583","A10",11,"A1",78,3.098927294398093,0.030989272943980926,5,178
"April 1, 1584","A1",20,"A10",102,4.052443384982122,0.04052443384982122,6,132
"April 21, 1585","A21",21,"A11",90,3.575685339690107,0.03575685339690107,11,1141
"April 6, 1586","A6",22,"A12",76,3.0194676201827573,0.030194676201827572,35,59
"March 29, 1587","M29",23,"A13",68,2.7016289233214144,0.027016289233214145,46,128
"April 17, 1588","A17",24,"A14",84,3.3373063170441,0.033373063170441,51,44
"April 2, 1589","A2",25,"A15",98,3.89352403655145,0.038935240365514504,57,206
"April 22, 1590","A22",26,"A16",96,3.8140643623361146,0.03814064362336114,62,152
"April 14, 1591","A14",27,"A17",81,3.2181168057210967,0.03218116805721097,63,8
"March 29, 1592","M29",28,"A18",79,3.1386571315057608,0.03138657131505761,68,107
"April 18, 1593","A18",29,"A19",89,3.5359555025824396,0.0353595550258244,73,139
"April 10, 1594","A10",12,"A2",68,2.7016289233214144,0.027016289233214145,79,82
"March 26, 1595","M26",30,"A20",92,3.655145013905443,0.036551450139054434,84,38
"April 14, 1596","A14",31,"A21",89,3.5359555025824396,0.0353595550258244,95,8
"April 6, 1597","A6",32,"A22",58,2.304330552244736,0.02304330552244736,119,1
"March 22, 1598","M22",33,"A23",28,1.1124354390147,0.011124354390147,130,7
"April 11, 1599","A11",34,"A24",42,1.66865315852205,0.0166865315852205,141,20
"April 2, 1600","A2",35,"A25",26,1.0329757647993643,0.010329757647993643,147,6
"April 22, 1601","A22",13,"A3",81,3.2181168057210967,0.03218116805721097,152,16
"April 7, 1602","A7",14,"A4",92,3.655145013905443,0.036551450139054434,163,3
"March 30, 1603","M30",15,"A5",99,3.933253873659118,0.03933253873659118,220,1
"April 18, 1604","A18",16,"A6",87,3.4564958283671037,0.03456495828367104,372,2
"April 10, 1605","A10",17,"A7",70,2.7810885975367503,0.027810885975367503,451,2
"March 26, 1606","M26",18,"A8",73,2.900278108859754,0.029002781088597537,467,2
"April 15, 1607","A15",19,"A9",87,3.4564958283671037,0.03456495828367104,,
"April 6, 1608","A6",1,"M22",15,0.5959475566150179,0.0059594755661501785,,
"April 19, 1609","A19",2,"M23",14,0.55621771950735,0.0055621771950735,,
"April 11, 1610","A11",3,"M24",24,0.9535160905840286,0.009535160905840286,,
"April 3, 1611","A3",4,"M25",58,2.304330552244736,0.02304330552244736,,
"April 22, 1612","A22",5,"M26",73,2.900278108859754,0.029002781088597537,,
"April 7, 1613","A7",6,"M27",59,2.3440603893524035,0.023440603893524033,,
"March 30, 1614","M30",7,"M28",65,2.582439411998411,0.02582439411998411,,
"April 19, 1615","A19",8,"M29",86,3.4167659912594357,0.03416765991259436,,
"April 3, 1616","A3",9,"M30",98,3.89352403655145,0.038935240365514504,,
"March 26, 1617","M26",10,"M31",92,3.655145013905443,0.036551450139054434,,
"April 15, 1618","A15",,,,,,,
"March 31, 1619","M31",,,,,,,
"April 19, 1620","A19",,,,,,,
"April 11, 1621","A11",,,,,,,
"March 27, 1622","M27",,,,,,,
"April 16, 1623","A16",,,,,,,
"April 7, 1624","A7",,,,,,,
"March 30, 1625","M30",,,,,,,
"April 12, 1626","A12",,,,,,,
"April 4, 1627","A4",,,,,,,
"April 23, 1628","A23",,,,,,,
"April 15, 1629","A15",,,,,,,
"March 31, 1630","M31",,,,,,,
"April 20, 1631","A20",,,,,,,
"April 11, 1632","A11",,,,,,,
"March 27, 1633","M27",,,,,,,
"April 16, 1634","A16",,,,,,,
"April 8, 1635","A8",,,,,,,
"March 23, 1636","M23",,,,,,,
"April 12, 1637","A12",,,,,,,
"April 4, 1638","A4",,,,,,,
"April 24, 1639","A24",,,,,,,
"April 8, 1640","A8",,,,,,,
"March 31, 1641","M31",,,,,,,
"April 20, 1642","A20",,,,,,,
"April 5, 1643","A5",,,,,,,
"March 27, 1644","M27",,,,,,,
"April 16, 1645","A16",,,,,,,
"April 1, 1646","A1",,,,,,,
"April 21, 1647","A21",,,,,,,
"April 12, 1648","A12",,,,,,,
"April 4, 1649","A4",,,,,,,
"April 17, 1650","A17",,,,,,,
"April 9, 1651","A9",,,,,,,
"March 31, 1652","M31",,,,,,,
"April 13, 1653","A13",,,,,,,
"April 5, 1654","A5",,,,,,,
"March 28, 1655","M28",,,,,,,
"April 16, 1656","A16",,,,,,,
"April 1, 1657","A1",,,,,,,
"April 21, 1658","A21",,,,,,,
"April 13, 1659","A13",,,,,,,
"March 28, 1660","M28",,,,,,,
"April 17, 1661","A17",,,,,,,
"April 9, 1662","A9",,,,,,,
"March 25, 1663","M25",,,,,,,
"April 13, 1664","A13",,,,,,,
"April 5, 1665","A5",,,,,,,
"April 25, 1666","A25",,,,,,,
"April 10, 1667","A10",,,,,,,
"April 1, 1668","A1",,,,,,,
"April 21, 1669","A21",,,,,,,
"April 6, 1670","A6",,,,,,,
"March 29, 1671","M29",,,,,,,
"April 17, 1672","A17",,,,,,,
"April 2, 1673","A2",,,,,,,
"March 25, 1674","M25",,,,,,,
"April 14, 1675","A14",,,,,,,
"April 5, 1676","A5",,,,,,,
"April 18, 1677","A18",,,,,,,
"April 10, 1678","A10",,,,,,,
"April 2, 1679","A2",,,,,,,
"April 21, 1680","A21",,,,,,,
"April 6, 1681","A6",,,,,,,
"March 29, 1682","M29",,,,,,,
"April 18, 1683","A18",,,,,,,
"April 2, 1684","A2",,,,,,,
"April 22, 1685","A22",,,,,,,
"April 14, 1686","A14",,,,,,,
"March 30, 1687","M30",,,,,,,
"April 18, 1688","A18",,,,,,,
"April 10, 1689","A10",,,,,,,
"March 26, 1690","M26",,,,,,,
"April 15, 1691","A15",,,,,,,
"April 6, 1692","A6",,,,,,,
"March 22, 1693","M22",,,,,,,
"April 11, 1694","A11",,,,,,,
"April 3, 1695","A3",,,,,,,
"April 22, 1696","A22",,,,,,,
"April 7, 1697","A7",,,,,,,
"March 30, 1698","M30",,,,,,,
"April 19, 1699","A19",,,,,,,
"April 11, 1700","A11",,,,,,,
"March 27, 1701","M27",,,,,,,
"April 16, 1702","A16",,,,,,,
"April 8, 1703","A8",,,,,,,
"March 23, 1704","M23",,,,,,,
"April 12, 1705","A12",,,,,,,
"April 4, 1706","A4",,,,,,,
"April 24, 1707","A24",,,,,,,
"April 8, 1708","A8",,,,,,,
"March 31, 1709","M31",,,,,,,
"April 20, 1710","A20",,,,,,,
"April 5, 1711","A5",,,,,,,
"March 27, 1712","M27",,,,,,,
"April 16, 1713","A16",,,,,,,
"April 1, 1714","A1",,,,,,,
"April 21, 1715","A21",,,,,,,
"April 12, 1716","A12",,,,,,,
"March 28, 1717","M28",,,,,,,
"April 17, 1718","A17",,,,,,,
"April 9, 1719","A9",,,,,,,
"March 31, 1720","M31",,,,,,,
"April 13, 1721","A13",,,,,,,
"April 5, 1722","A5",,,,,,,
"March 28, 1723","M28",,,,,,,
"April 16, 1724","A16",,,,,,,
"April 1, 1725","A1",,,,,,,
"April 21, 1726","A21",,,,,,,
"April 13, 1727","A13",,,,,,,
"March 28, 1728","M28",,,,,,,
"April 17, 1729","A17",,,,,,,
"April 9, 1730","A9",,,,,,,
"March 25, 1731","M25",,,,,,,
"April 13, 1732","A13",,,,,,,
"April 5, 1733","A5",,,,,,,
"April 25, 1734","A25",,,,,,,
"April 10, 1735","A10",,,,,,,
"April 1, 1736","A1",,,,,,,
"April 21, 1737","A21",,,,,,,
"April 6, 1738","A6",,,,,,,
"March 29, 1739","M29",,,,,,,
"April 17, 1740","A17",,,,,,,
"April 2, 1741","A2",,,,,,,
"March 25, 1742","M25",,,,,,,
"April 14, 1743","A14",,,,,,,
"April 5, 1744","A5",,,,,,,
"April 18, 1745","A18",,,,,,,
"April 10, 1746","A10",,,,,,,
"April 2, 1747","A2",,,,,,,
"April 14, 1748","A14",,,,,,,
"April 6, 1749","A6",,,,,,,
"March 29, 1750","M29",,,,,,,
"April 11, 1751","A11",,,,,,,
"April 2, 1752","A2",,,,,,,
"April 22, 1753","A22",,,,,,,
"April 14, 1754","A14",,,,,,,
"March 30, 1755","M30",,,,,,,
"April 18, 1756","A18",,,,,,,
"April 10, 1757","A10",,,,,,,
"March 26, 1758","M26",,,,,,,
"April 15, 1759","A15",,,,,,,
"April 6, 1760","A6",,,,,,,
"March 22, 1761","M22",,,,,,,
"April 11, 1762","A11",,,,,,,
"April 3, 1763","A3",,,,,,,
"April 22, 1764","A22",,,,,,,
"April 7, 1765","A7",,,,,,,
"March 30, 1766","M30",,,,,,,
"April 19, 1767","A19",,,,,,,
"April 3, 1768","A3",,,,,,,
"March 26, 1769","M26",,,,,,,
"April 15, 1770","A15",,,,,,,
"March 31, 1771","M31",,,,,,,
"April 19, 1772","A19",,,,,,,
"April 11, 1773","A11",,,,,,,
"April 3, 1774","A3",,,,,,,
"April 16, 1775","A16",,,,,,,
"April 7, 1776","A7",,,,,,,
"March 30, 1777","M30",,,,,,,
"April 19, 1778","A19",,,,,,,
"April 4, 1779","A4",,,,,,,
"March 26, 1780","M26",,,,,,,
"April 15, 1781","A15",,,,,,,
"March 31, 1782","M31",,,,,,,
"April 20, 1783","A20",,,,,,,
"April 11, 1784","A11",,,,,,,
"March 27, 1785","M27",,,,,,,
"April 16, 1786","A16",,,,,,,
"April 8, 1787","A8",,,,,,,
"March 23, 1788","M23",,,,,,,
"April 12, 1789","A12",,,,,,,
"April 4, 1790","A4",,,,,,,
"April 24, 1791","A24",,,,,,,
"April 8, 1792","A8",,,,,,,
"March 31, 1793","M31",,,,,,,
"April 20, 1794","A20",,,,,,,
"April 5, 1795","A5",,,,,,,
"March 27, 1796","M27",,,,,,,
"April 16, 1797","A16",,,,,,,
"April 8, 1798","A8",,,,,,,
"March 24, 1799","M24",,,,,,,
"April 13, 1800","A13",,,,,,,
"April 5, 1801","A5",,,,,,,
"April 18, 1802","A18",,,,,,,
"April 10, 1803","A10",,,,,,,
"April 1, 1804","A1",,,,,,,
"April 14, 1805","A14",,,,,,,
"April 6, 1806","A6",,,,,,,
"March 29, 1807","M29",,,,,,,
"April 17, 1808","A17",,,,,,,
"April 2, 1809","A2",,,,,,,
"April 22, 1810","A22",,,,,,,
"April 14, 1811","A14",,,,,,,
"March 29, 1812","M29",,,,,,,
"April 18, 1813","A18",,,,,,,
"April 10, 1814","A10",,,,,,,
"March 26, 1815","M26",,,,,,,
"April 14, 1816","A14",,,,,,,
"April 6, 1817","A6",,,,,,,
"March 22, 1818","M22",,,,,,,
"April 11, 1819","A11",,,,,,,
"April 2, 1820","A2",,,,,,,
"April 22, 1821","A22",,,,,,,
"April 7, 1822","A7",,,,,,,
"March 30, 1823","M30",,,,,,,
"April 18, 1824","A18",,,,,,,
"April 3, 1825","A3",,,,,,,
"March 26, 1826","M26",,,,,,,
"April 15, 1827","A15",,,,,,,
"April 6, 1828","A6",,,,,,,
"April 19, 1829","A19",,,,,,,
"April 11, 1830","A11",,,,,,,
"April 3, 1831","A3",,,,,,,
"April 22, 1832","A22",,,,,,,
"April 7, 1833","A7",,,,,,,
"March 30, 1834","M30",,,,,,,
"April 19, 1835","A19",,,,,,,
"April 3, 1836","A3",,,,,,,
"March 26, 1837","M26",,,,,,,
"April 15, 1838","A15",,,,,,,
"March 31, 1839","M31",,,,,,,
"April 19, 1840","A19",,,,,,,
"April 11, 1841","A11",,,,,,,
"March 27, 1842","M27",,,,,,,
"April 16, 1843","A16",,,,,,,
"April 7, 1844","A7",,,,,,,
"March 23, 1845","M23",,,,,,,
"April 12, 1846","A12",,,,,,,
"April 4, 1847","A4",,,,,,,
"April 23, 1848","A23",,,,,,,
"April 8, 1849","A8",,,,,,,
"March 31, 1850","M31",,,,,,,
"April 20, 1851","A20",,,,,,,
"April 11, 1852","A11",,,,,,,
"March 27, 1853","M27",,,,,,,
"April 16, 1854","A16",,,,,,,
"April 8, 1855","A8",,,,,,,
"March 23, 1856","M23",,,,,,,
"April 12, 1857","A12",,,,,,,
"April 4, 1858","A4",,,,,,,
"April 24, 1859","A24",,,,,,,
"April 8, 1860","A8",,,,,,,
"March 31, 1861","M31",,,,,,,
"April 20, 1862","A20",,,,,,,
"April 5, 1863","A5",,,,,,,
"March 27, 1864","M27",,,,,,,
"April 16, 1865","A16",,,,,,,
"April 1, 1866","A1",,,,,,,
"April 21, 1867","A21",,,,,,,
"April 12, 1868","A12",,,,,,,
"March 28, 1869","M28",,,,,,,
"April 17, 1870","A17",,,,,,,
"April 9, 1871","A9",,,,,,,
"March 31, 1872","M31",,,,,,,
"April 13, 1873","A13",,,,,,,
"April 5, 1874","A5",,,,,,,
"March 28, 1875","M28",,,,,,,
"April 16, 1876","A16",,,,,,,
"April 1, 1877","A1",,,,,,,
"April 21, 1878","A21",,,,,,,
"April 13, 1879","A13",,,,,,,
"March 28, 1880","M28",,,,,,,
"April 17, 1881","A17",,,,,,,
"April 9, 1882","A9",,,,,,,
"March 25, 1883","M25",,,,,,,
"April 13, 1884","A13",,,,,,,
"April 5, 1885","A5",,,,,,,
"April 25, 1886","A25",,,,,,,
"April 10, 1887","A10",,,,,,,
"April 1, 1888","A1",,,,,,,
"April 21, 1889","A21",,,,,,,
"April 6, 1890","A6",,,,,,,
"March 29, 1891","M29",,,,,,,
"April 17, 1892","A17",,,,,,,
"April 2, 1893","A2",,,,,,,
"March 25, 1894","M25",,,,,,,
"April 14, 1895","A14",,,,,,,
"April 5, 1896","A5",,,,,,,
"April 18, 1897","A18",,,,,,,
"April 10, 1898","A10",,,,,,,
"April 2, 1899","A2",,,,,,,
"April 15, 1900","A15",,,,,,,
"April 7, 1901","A7",,,,,,,
"March 30, 1902","M30",,,,,,,
"April 12, 1903","A12",,,,,,,
"April 3, 1904","A3",,,,,,,
"April 23, 1905","A23",,,,,,,
"April 15, 1906","A15",,,,,,,
"March 31, 1907","M31",,,,,,,
"April 19, 1908","A19",,,,,,,
"April 11, 1909","A11",,,,,,,
"March 27, 1910","M27",,,,,,,
"April 16, 1911","A16",,,,,,,
"April 7, 1912","A7",,,,,,,
"March 23, 1913","M23",,,,,,,
"April 12, 1914","A12",,,,,,,
"April 4, 1915","A4",,,,,,,
"April 23, 1916","A23",,,,,,,
"April 8, 1917","A8",,,,,,,
"March 31, 1918","M31",,,,,,,
"April 20, 1919","A20",,,,,,,
"April 4, 1920","A4",,,,,,,
"March 27, 1921","M27",,,,,,,
"April 16, 1922","A16",,,,,,,
"April 1, 1923","A1",,,,,,,
"April 20, 1924","A20",,,,,,,
"April 12, 1925","A12",,,,,,,
"April 4, 1926","A4",,,,,,,
"April 17, 1927","A17",,,,,,,
"April 8, 1928","A8",,,,,,,
"March 31, 1929","M31",,,,,,,
"April 20, 1930","A20",,,,,,,
"April 5, 1931","A5",,,,,,,
"March 27, 1932","M27",,,,,,,
"April 16, 1933","A16",,,,,,,
"April 1, 1934","A1",,,,,,,
"April 21, 1935","A21",,,,,,,
"April 12, 1936","A12",,,,,,,
"March 28, 1937","M28",,,,,,,
"April 17, 1938","A17",,,,,,,
"April 9, 1939","A9",,,,,,,
"March 24, 1940","M24",,,,,,,
"April 13, 1941","A13",,,,,,,
"April 5, 1942","A5",,,,,,,
"April 25, 1943","A25",,,,,,,
"April 9, 1944","A9",,,,,,,
"April 1, 1945","A1",,,,,,,
"April 21, 1946","A21",,,,,,,
"April 6, 1947","A6",,,,,,,
"March 28, 1948","M28",,,,,,,
"April 17, 1949","A17",,,,,,,
"April 9, 1950","A9",,,,,,,
"March 25, 1951","M25",,,,,,,
"April 13, 1952","A13",,,,,,,
"April 5, 1953","A5",,,,,,,
"April 18, 1954","A18",,,,,,,
"April 10, 1955","A10",,,,,,,
"April 1, 1956","A1",,,,,,,
"April 21, 1957","A21",,,,,,,
"April 6, 1958","A6",,,,,,,
"March 29, 1959","M29",,,,,,,
"April 17, 1960","A17",,,,,,,
"April 2, 1961","A2",,,,,,,
"April 22, 1962","A22",,,,,,,
"April 14, 1963","A14",,,,,,,
"March 29, 1964","M29",,,,,,,
"April 18, 1965","A18",,,,,,,
"April 10, 1966","A10",,,,,,,
"March 26, 1967","M26",,,,,,,
"April 14, 1968","A14",,,,,,,
"April 6, 1969","A6",,,,,,,
"March 29, 1970","M29",,,,,,,
"April 11, 1971","A11",,,,,,,
"April 2, 1972","A2",,,,,,,
"April 22, 1973","A22",,,,,,,
"April 14, 1974","A14",,,,,,,
"March 30, 1975","M30",,,,,,,
"April 18, 1976","A18",,,,,,,
"April 10, 1977","A10",,,,,,,
"March 26, 1978","M26",,,,,,,
"April 15, 1979","A15",,,,,,,
"April 6, 1980","A6",,,,,,,
"April 19, 1981","A19",,,,,,,
"April 11, 1982","A11",,,,,,,
"April 3, 1983","A3",,,,,,,
"April 22, 1984","A22",,,,,,,
"April 7, 1985","A7",,,,,,,
"March 30, 1986","M30",,,,,,,
"April 19, 1987","A19",,,,,,,
"April 3, 1988","A3",,,,,,,
"March 26, 1989","M26",,,,,,,
"April 15, 1990","A15",,,,,,,
"March 31, 1991","M31",,,,,,,
"April 19, 1992","A19",,,,,,,
"April 11, 1993","A11",,,,,,,
"April 3, 1994","A3",,,,,,,
"April 16, 1995","A16",,,,,,,
"April 7, 1996","A7",,,,,,,
"March 30, 1997","M30",,,,,,,
"April 12, 1998","A12",,,,,,,
"April 4, 1999","A4",,,,,,,
"April 23, 2000","A23",,,,,,,
"April 15, 2001","A15",,,,,,,
"March 31, 2002","M31",,,,,,,
"April 20, 2003","A20",,,,,,,
"April 11, 2004","A11",,,,,,,
"March 27, 2005","M27",,,,,,,
"April 16, 2006","A16",,,,,,,
"April 8, 2007","A8",,,,,,,
"March 23, 2008","M23",,,,,,,
"April 12, 2009","A12",,,,,,,
"April 4, 2010","A4",,,,,,,
"April 24, 2011","A24",,,,,,,
"April 8, 2012","A8",,,,,,,
"March 31, 2013","M31",,,,,,,
"April 20, 2014","A20",,,,,,,
"April 5, 2015","A5",,,,,,,
"March 27, 2016","M27",,,,,,,
"April 16, 2017","A16",,,,,,,
"April 1, 2018","A1",,,,,,,
"April 21, 2019","A21",,,,,,,
"April 12, 2020","A12",,,,,,,
"April 4, 2021","A4",,,,,,,
"April 17, 2022","A17",,,,,,,
"April 9, 2023","A9",,,,,,,
"March 31, 2024","M31",,,,,,,
"April 20, 2025","A20",,,,,,,
"April 5, 2026","A5",,,,,,,
"March 28, 2027","M28",,,,,,,
"April 16, 2028","A16",,,,,,,
"April 1, 2029","A1",,,,,,,
"April 21, 2030","A21",,,,,,,
"April 13, 2031","A13",,,,,,,
"March 28, 2032","M28",,,,,,,
"April 17, 2033","A17",,,,,,,
"April 9, 2034","A9",,,,,,,
"March 25, 2035","M25",,,,,,,
"April 13, 2036","A13",,,,,,,
"April 5, 2037","A5",,,,,,,
"April 25, 2038","A25",,,,,,,
"April 10, 2039","A10",,,,,,,
"April 1, 2040","A1",,,,,,,
"April 21, 2041","A21",,,,,,,
"April 6, 2042","A6",,,,,,,
"March 29, 2043","M29",,,,,,,
"April 17, 2044","A17",,,,,,,
"April 9, 2045","A9",,,,,,,
"March 25, 2046","M25",,,,,,,
"April 14, 2047","A14",,,,,,,
"April 5, 2048","A5",,,,,,,
"April 18, 2049","A18",,,,,,,
"April 10, 2050","A10",,,,,,,
"April 2, 2051","A2",,,,,,,
"April 21, 2052","A21",,,,,,,
"April 6, 2053","A6",,,,,,,
"March 29, 2054","M29",,,,,,,
"April 18, 2055","A18",,,,,,,
"April 2, 2056","A2",,,,,,,
"April 22, 2057","A22",,,,,,,
"April 14, 2058","A14",,,,,,,
"March 30, 2059","M30",,,,,,,
"April 18, 2060","A18",,,,,,,
"April 10, 2061","A10",,,,,,,
"March 26, 2062","M26",,,,,,,
"April 15, 2063","A15",,,,,,,
"April 6, 2064","A6",,,,,,,
"March 29, 2065","M29",,,,,,,
"April 11, 2066","A11",,,,,,,
"April 3, 2067","A3",,,,,,,
"April 22, 2068","A22",,,,,,,
"April 14, 2069","A14",,,,,,,
"March 30, 2070","M30",,,,,,,
"April 19, 2071","A19",,,,,,,
"April 10, 2072","A10",,,,,,,
"March 26, 2073","M26",,,,,,,
"April 15, 2074","A15",,,,,,,
"April 7, 2075","A7",,,,,,,
"April 19, 2076","A19",,,,,,,
"April 11, 2077","A11",,,,,,,
"April 3, 2078","A3",,,,,,,
"April 23, 2079","A23",,,,,,,
"April 7, 2080","A7",,,,,,,
"March 30, 2081","M30",,,,,,,
"April 19, 2082","A19",,,,,,,
"April 4, 2083","A4",,,,,,,
"March 26, 2084","M26",,,,,,,
"April 15, 2085","A15",,,,,,,
"March 31, 2086","M31",,,,,,,
"April 20, 2087","A20",,,,,,,
"April 11, 2088","A11",,,,,,,
"April 3, 2089","A3",,,,,,,
"April 16, 2090","A16",,,,,,,
"April 8, 2091","A8",,,,,,,
"March 30, 2092","M30",,,,,,,
"April 12, 2093","A12",,,,,,,
"April 4, 2094","A4",,,,,,,
"April 24, 2095","A24",,,,,,,
"April 15, 2096","A15",,,,,,,
"March 31, 2097","M31",,,,,,,
"April 20, 2098","A20",,,,,,,
"April 12, 2099","A12",,,,,,,
"March 28, 2100","M28",,,,,,,
"April 17, 2101","A17",,,,,,,
"April 9, 2102","A9",,,,,,,
"March 25, 2103","M25",,,,,,,
"April 13, 2104","A13",,,,,,,
"April 5, 2105","A5",,,,,,,
"April 18, 2106","A18",,,,,,,
"April 10, 2107","A10",,,,,,,
"April 1, 2108","A1",,,,,,,
"April 21, 2109","A21",,,,,,,
"April 6, 2110","A6",,,,,,,
"March 29, 2111","M29",,,,,,,
"April 17, 2112","A17",,,,,,,
"April 2, 2113","A2",,,,,,,
"April 22, 2114","A22",,,,,,,
"April 14, 2115","A14",,,,,,,
"March 29, 2116","M29",,,,,,,
"April 18, 2117","A18",,,,,,,
"April 10, 2118","A10",,,,,,,
"March 26, 2119","M26",,,,,,,
"April 14, 2120","A14",,,,,,,
"April 6, 2121","A6",,,,,,,
"March 29, 2122","M29",,,,,,,
"April 11, 2123","A11",,,,,,,
"April 2, 2124","A2",,,,,,,
"April 22, 2125","A22",,,,,,,
"April 14, 2126","A14",,,,,,,
"March 30, 2127","M30",,,,,,,
"April 18, 2128","A18",,,,,,,
"April 10, 2129","A10",,,,,,,
"March 26, 2130","M26",,,,,,,
"April 15, 2131","A15",,,,,,,
"April 6, 2132","A6",,,,,,,
"April 19, 2133","A19",,,,,,,
"April 11, 2134","A11",,,,,,,
"April 3, 2135","A3",,,,,,,
"April 22, 2136","A22",,,,,,,
"April 7, 2137","A7",,,,,,,
"March 30, 2138","M30",,,,,,,
"April 19, 2139","A19",,,,,,,
"April 3, 2140","A3",,,,,,,
"March 26, 2141","M26",,,,,,,
"April 15, 2142","A15",,,,,,,
"March 31, 2143","M31",,,,,,,
"April 19, 2144","A19",,,,,,,
"April 11, 2145","A11",,,,,,,
"April 3, 2146","A3",,,,,,,
"April 16, 2147","A16",,,,,,,
"April 7, 2148","A7",,,,,,,
"March 30, 2149","M30",,,,,,,
"April 12, 2150","A12",,,,,,,
"April 4, 2151","A4",,,,,,,
"April 23, 2152","A23",,,,,,,
"April 15, 2153","A15",,,,,,,
"March 31, 2154","M31",,,,,,,
"April 20, 2155","A20",,,,,,,
"April 11, 2156","A11",,,,,,,
"March 27, 2157","M27",,,,,,,
"April 16, 2158","A16",,,,,,,
"April 8, 2159","A8",,,,,,,
"March 23, 2160","M23",,,,,,,
"April 12, 2161","A12",,,,,,,
"April 4, 2162","A4",,,,,,,
"April 24, 2163","A24",,,,,,,
"April 8, 2164","A8",,,,,,,
"March 31, 2165","M31",,,,,,,
"April 20, 2166","A20",,,,,,,
"April 5, 2167","A5",,,,,,,
"March 27, 2168","M27",,,,,,,
"April 16, 2169","A16",,,,,,,
"April 1, 2170","A1",,,,,,,
"April 21, 2171","A21",,,,,,,
"April 12, 2172","A12",,,,,,,
"April 4, 2173","A4",,,,,,,
"April 17, 2174","A17",,,,,,,
"April 9, 2175","A9",,,,,,,
"March 31, 2176","M31",,,,,,,
"April 20, 2177","A20",,,,,,,
"April 5, 2178","A5",,,,,,,
"March 28, 2179","M28",,,,,,,
"April 16, 2180","A16",,,,,,,
"April 1, 2181","A1",,,,,,,
"April 21, 2182","A21",,,,,,,
"April 13, 2183","A13",,,,,,,
"March 28, 2184","M28",,,,,,,
"April 17, 2185","A17",,,,,,,
"April 9, 2186","A9",,,,,,,
"March 25, 2187","M25",,,,,,,
"April 13, 2188","A13",,,,,,,
"April 5, 2189","A5",,,,,,,
"April 25, 2190","A25",,,,,,,
"April 10, 2191","A10",,,,,,,
"April 1, 2192","A1",,,,,,,
"April 21, 2193","A21",,,,,,,
"April 6, 2194","A6",,,,,,,
"March 29, 2195","M29",,,,,,,
"April 17, 2196","A17",,,,,,,
"April 9, 2197","A9",,,,,,,
"March 25, 2198","M25",,,,,,,
"April 14, 2199","A14",,,,,,,
"April 6, 2200","A6",,,,,,,
"April 19, 2201","A19",,,,,,,
"April 11, 2202","A11",,,,,,,
"April 3, 2203","A3",,,,,,,
"April 22, 2204","A22",,,,,,,
"April 7, 2205","A7",,,,,,,
"March 30, 2206","M30",,,,,,,
"April 19, 2207","A19",,,,,,,
"April 3, 2208","A3",,,,,,,
"March 26, 2209","M26",,,,,,,
"April 15, 2210","A15",,,,,,,
"March 31, 2211","M31",,,,,,,
"April 19, 2212","A19",,,,,,,
"April 11, 2213","A11",,,,,,,
"March 27, 2214","M27",,,,,,,
"April 16, 2215","A16",,,,,,,
"April 7, 2216","A7",,,,,,,
"March 30, 2217","M30",,,,,,,
"April 12, 2218","A12",,,,,,,
"April 4, 2219","A4",,,,,,,
"April 23, 2220","A23",,,,,,,
"April 15, 2221","A15",,,,,,,
"March 31, 2222","M31",,,,,,,
"April 20, 2223","A20",,,,,,,
"April 11, 2224","A11",,,,,,,
"March 27, 2225","M27",,,,,,,
"April 16, 2226","A16",,,,,,,
"April 8, 2227","A8",,,,,,,
"March 23, 2228","M23",,,,,,,
"April 12, 2229","A12",,,,,,,
"April 4, 2230","A4",,,,,,,
"April 24, 2231","A24",,,,,,,
"April 8, 2232","A8",,,,,,,
"March 31, 2233","M31",,,,,,,
"April 20, 2234","A20",,,,,,,
"April 5, 2235","A5",,,,,,,
"March 27, 2236","M27",,,,,,,
"April 16, 2237","A16",,,,,,,
"April 1, 2238","A1",,,,,,,
"April 21, 2239","A21",,,,,,,
"April 12, 2240","A12",,,,,,,
"April 4, 2241","A4",,,,,,,
"April 17, 2242","A17",,,,,,,
"April 9, 2243","A9",,,,,,,
"March 31, 2244","M31",,,,,,,
"April 13, 2245","A13",,,,,,,
"April 5, 2246","A5",,,,,,,
"March 28, 2247","M28",,,,,,,
"April 16, 2248","A16",,,,,,,
"April 1, 2249","A1",,,,,,,
"April 21, 2250","A21",,,,,,,
"April 13, 2251","A13",,,,,,,
"March 28, 2252","M28",,,,,,,
"April 17, 2253","A17",,,,,,,
"April 9, 2254","A9",,,,,,,
"March 25, 2255","M25",,,,,,,
"April 13, 2256","A13",,,,,,,
"April 5, 2257","A5",,,,,,,
"April 25, 2258","A25",,,,,,,
"April 10, 2259","A10",,,,,,,
"April 1, 2260","A1",,,,,,,
"April 21, 2261","A21",,,,,,,
"April 6, 2262","A6",,,,,,,
"March 29, 2263","M29",,,,,,,
"April 17, 2264","A17",,,,,,,
"April 2, 2265","A2",,,,,,,
"March 25, 2266","M25",,,,,,,
"April 14, 2267","A14",,,,,,,
"April 5, 2268","A5",,,,,,,
"April 18, 2269","A18",,,,,,,
"April 10, 2270","A10",,,,,,,
"April 2, 2271","A2",,,,,,,
"April 21, 2272","A21",,,,,,,
"April 6, 2273","A6",,,,,,,
"March 29, 2274","M29",,,,,,,
"April 18, 2275","A18",,,,,,,
"April 2, 2276","A2",,,,,,,
"April 22, 2277","A22",,,,,,,
"April 14, 2278","A14",,,,,,,
"March 30, 2279","M30",,,,,,,
"April 18, 2280","A18",,,,,,,
"April 10, 2281","A10",,,,,,,
"March 26, 2282","M26",,,,,,,
"April 15, 2283","A15",,,,,,,
"April 6, 2284","A6",,,,,,,
"March 22, 2285","M22",,,,,,,
"April 11, 2286","A11",,,,,,,
"April 3, 2287","A3",,,,,,,
"April 22, 2288","A22",,,,,,,
"April 7, 2289","A7",,,,,,,
"March 30, 2290","M30",,,,,,,
"April 19, 2291","A19",,,,,,,
"April 10, 2292","A10",,,,,,,
"March 26, 2293","M26",,,,,,,
"April 15, 2294","A15",,,,,,,
"April 7, 2295","A7",,,,,,,
"April 19, 2296","A19",,,,,,,
"April 11, 2297","A11",,,,,,,
"April 3, 2298","A3",,,,,,,
"April 16, 2299","A16",,,,,,,
"April 8, 2300","A8",,,,,,,
"March 31, 2301","M31",,,,,,,
"April 20, 2302","A20",,,,,,,
"April 5, 2303","A5",,,,,,,
"March 27, 2304","M27",,,,,,,
"April 16, 2305","A16",,,,,,,
"April 1, 2306","A1",,,,,,,
"April 21, 2307","A21",,,,,,,
"April 12, 2308","A12",,,,,,,
"March 28, 2309","M28",,,,,,,
"April 17, 2310","A17",,,,,,,
"April 9, 2311","A9",,,,,,,
"March 31, 2312","M31",,,,,,,
"April 13, 2313","A13",,,,,,,
"April 5, 2314","A5",,,,,,,
"March 28, 2315","M28",,,,,,,
"April 16, 2316","A16",,,,,,,
"April 1, 2317","A1",,,,,,,
"April 21, 2318","A21",,,,,,,
"April 6, 2319","A6",,,,,,,
"March 28, 2320","M28",,,,,,,
"April 17, 2321","A17",,,,,,,
"April 9, 2322","A9",,,,,,,
"March 25, 2323","M25",,,,,,,
"April 13, 2324","A13",,,,,,,
"April 5, 2325","A5",,,,,,,
"April 25, 2326","A25",,,,,,,
"April 10, 2327","A10",,,,,,,
"April 1, 2328","A1",,,,,,,
"April 21, 2329","A21",,,,,,,
"April 6, 2330","A6",,,,,,,
"March 29, 2331","M29",,,,,,,
"April 17, 2332","A17",,,,,,,
"April 2, 2333","A2",,,,,,,
"March 25, 2334","M25",,,,,,,
"April 14, 2335","A14",,,,,,,
"April 5, 2336","A5",,,,,,,
"April 18, 2337","A18",,,,,,,
"April 10, 2338","A10",,,,,,,
"March 26, 2339","M26",,,,,,,
"April 14, 2340","A14",,,,,,,
"April 6, 2341","A6",,,,,,,
"March 29, 2342","M29",,,,,,,
"April 11, 2343","A11",,,,,,,
"April 2, 2344","A2",,,,,,,
"April 22, 2345","A22",,,,,,,
"April 14, 2346","A14",,,,,,,
"March 30, 2347","M30",,,,,,,
"April 18, 2348","A18",,,,,,,
"April 10, 2349","A10",,,,,,,
"March 26, 2350","M26",,,,,,,
"April 15, 2351","A15",,,,,,,
"April 6, 2352","A6",,,,,,,
"March 22, 2353","M22",,,,,,,
"April 11, 2354","A11",,,,,,,
"April 3, 2355","A3",,,,,,,
"April 22, 2356","A22",,,,,,,
"April 7, 2357","A7",,,,,,,
"March 30, 2358","M30",,,,,,,
"April 19, 2359","A19",,,,,,,
"April 3, 2360","A3",,,,,,,
"March 26, 2361","M26",,,,,,,
"April 15, 2362","A15",,,,,,,
"March 31, 2363","M31",,,,,,,
"April 19, 2364","A19",,,,,,,
"April 11, 2365","A11",,,,,,,
"April 3, 2366","A3",,,,,,,
"April 16, 2367","A16",,,,,,,
"April 7, 2368","A7",,,,,,,
"March 30, 2369","M30",,,,,,,
"April 19, 2370","A19",,,,,,,
"April 4, 2371","A4",,,,,,,
"March 26, 2372","M26",,,,,,,
"April 15, 2373","A15",,,,,,,
"March 31, 2374","M31",,,,,,,
"April 20, 2375","A20",,,,,,,
"April 11, 2376","A11",,,,,,,
"March 27, 2377","M27",,,,,,,
"April 16, 2378","A16",,,,,,,
"April 8, 2379","A8",,,,,,,
"March 23, 2380","M23",,,,,,,
"April 12, 2381","A12",,,,,,,
"April 4, 2382","A4",,,,,,,
"April 24, 2383","A24",,,,,,,
"April 8, 2384","A8",,,,,,,
"March 31, 2385","M31",,,,,,,
"April 20, 2386","A20",,,,,,,
"April 5, 2387","A5",,,,,,,
"March 27, 2388","M27",,,,,,,
"April 16, 2389","A16",,,,,,,
"April 8, 2390","A8",,,,,,,
"March 24, 2391","M24",,,,,,,
"April 12, 2392","A12",,,,,,,
"April 4, 2393","A4",,,,,,,
"April 17, 2394","A17",,,,,,,
"April 9, 2395","A9",,,,,,,
"March 31, 2396","M31",,,,,,,
"April 20, 2397","A20",,,,,,,
"April 5, 2398","A5",,,,,,,
"March 28, 2399","M28",,,,,,,
"April 16, 2400","A16",,,,,,,
"April 1, 2401","A1",,,,,,,
"April 21, 2402","A21",,,,,,,
"April 13, 2403","A13",,,,,,,
"March 28, 2404","M28",,,,,,,
"April 17, 2405","A17",,,,,,,
"April 9, 2406","A9",,,,,,,
"March 25, 2407","M25",,,,,,,
"April 13, 2408","A13",,,,,,,
"April 5, 2409","A5",,,,,,,
"April 25, 2410","A25",,,,,,,
"April 10, 2411","A10",,,,,,,
"April 1, 2412","A1",,,,,,,
"April 21, 2413","A21",,,,,,,
"April 6, 2414","A6",,,,,,,
"March 29, 2415","M29",,,,,,,
"April 17, 2416","A17",,,,,,,
"April 2, 2417","A2",,,,,,,
"March 25, 2418","M25",,,,,,,
"April 14, 2419","A14",,,,,,,
"April 5, 2420","A5",,,,,,,
"April 18, 2421","A18",,,,,,,
"April 10, 2422","A10",,,,,,,
"April 2, 2423","A2",,,,,,,
"April 21, 2424","A21",,,,,,,
"April 6, 2425","A6",,,,,,,
"March 29, 2426","M29",,,,,,,
"April 18, 2427","A18",,,,,,,
"April 2, 2428","A2",,,,,,,
"April 22, 2429","A22",,,,,,,
"April 14, 2430","A14",,,,,,,
"March 30, 2431","M30",,,,,,,
"April 18, 2432","A18",,,,,,,
"April 10, 2433","A10",,,,,,,
"March 26, 2434","M26",,,,,,,
"April 15, 2435","A15",,,,,,,
"April 6, 2436","A6",,,,,,,
"March 22, 2437","M22",,,,,,,
"April 11, 2438","A11",,,,,,,
"April 3, 2439","A3",,,,,,,
"April 22, 2440","A22",,,,,,,
"April 7, 2441","A7",,,,,,,
"March 30, 2442","M30",,,,,,,
"April 19, 2443","A19",,,,,,,
"April 10, 2444","A10",,,,,,,
"March 26, 2445","M26",,,,,,,
"April 15, 2446","A15",,,,,,,
"April 7, 2447","A7",,,,,,,
"April 19, 2448","A19",,,,,,,
"April 11, 2449","A11",,,,,,,
"April 3, 2450","A3",,,,,,,
"April 16, 2451","A16",,,,,,,
"April 7, 2452","A7",,,,,,,
"March 30, 2453","M30",,,,,,,
"April 19, 2454","A19",,,,,,,
"April 4, 2455","A4",,,,,,,
"March 26, 2456","M26",,,,,,,
"April 15, 2457","A15",,,,,,,
"March 31, 2458","M31",,,,,,,
"April 20, 2459","A20",,,,,,,
"April 11, 2460","A11",,,,,,,
"March 27, 2461","M27",,,,,,,
"April 16, 2462","A16",,,,,,,
"April 8, 2463","A8",,,,,,,
"March 30, 2464","M30",,,,,,,
"April 12, 2465","A12",,,,,,,
"April 4, 2466","A4",,,,,,,
"April 24, 2467","A24",,,,,,,
"April 15, 2468","A15",,,,,,,
"March 31, 2469","M31",,,,,,,
"April 20, 2470","A20",,,,,,,
"April 5, 2471","A5",,,,,,,
"March 27, 2472","M27",,,,,,,
"April 16, 2473","A16",,,,,,,
"April 8, 2474","A8",,,,,,,
"March 24, 2475","M24",,,,,,,
"April 12, 2476","A12",,,,,,,
"April 4, 2477","A4",,,,,,,
"April 24, 2478","A24",,,,,,,
"April 9, 2479","A9",,,,,,,
"March 31, 2480","M31",,,,,,,
"April 20, 2481","A20",,,,,,,
"April 5, 2482","A5",,,,,,,
"March 28, 2483","M28",,,,,,,
"April 16, 2484","A16",,,,,,,
"April 1, 2485","A1",,,,,,,
"April 21, 2486","A21",,,,,,,
"April 13, 2487","A13",,,,,,,
"April 4, 2488","A4",,,,,,,
"April 17, 2489","A17",,,,,,,
"April 9, 2490","A9",,,,,,,
"March 25, 2491","M25",,,,,,,
"April 13, 2492","A13",,,,,,,
"April 5, 2493","A5",,,,,,,
"March 28, 2494","M28",,,,,,,
"April 10, 2495","A10",,,,,,,
"April 1, 2496","A1",,,,,,,
"April 21, 2497","A21",,,,,,,
"April 13, 2498","A13",,,,,,,
"March 29, 2499","M29",,,,,,,
"April 18, 2500","A18",,,,,,,
"April 10, 2501","A10",,,,,,,
"March 26, 2502","M26",,,,,,,
"April 15, 2503","A15",,,,,,,
"April 6, 2504","A6",,,,,,,
"March 22, 2505","M22",,,,,,,
"April 11, 2506","A11",,,,,,,
"April 3, 2507","A3",,,,,,,
"April 22, 2508","A22",,,,,,,
"April 7, 2509","A7",,,,,,,
"March 30, 2510","M30",,,,,,,
"April 19, 2511","A19",,,,,,,
"April 3, 2512","A3",,,,,,,
"March 26, 2513","M26",,,,,,,
"April 15, 2514","A15",,,,,,,
"March 31, 2515","M31",,,,,,,
"April 19, 2516","A19",,,,,,,
"April 11, 2517","A11",,,,,,,
"April 3, 2518","A3",,,,,,,
"April 16, 2519","A16",,,,,,,
"April 7, 2520","A7",,,,,,,
"March 30, 2521","M30",,,,,,,
"April 19, 2522","A19",,,,,,,
"April 4, 2523","A4",,,,,,,
"March 26, 2524","M26",,,,,,,
"April 15, 2525","A15",,,,,,,
"March 31, 2526","M31",,,,,,,
"April 20, 2527","A20",,,,,,,
"April 11, 2528","A11",,,,,,,
"March 27, 2529","M27",,,,,,,
"April 16, 2530","A16",,,,,,,
"April 8, 2531","A8",,,,,,,
"March 23, 2532","M23",,,,,,,
"April 12, 2533","A12",,,,,,,
"April 4, 2534","A4",,,,,,,
"April 24, 2535","A24",,,,,,,
"April 8, 2536","A8",,,,,,,
"March 31, 2537","M31",,,,,,,
"April 20, 2538","A20",,,,,,,
"April 5, 2539","A5",,,,,,,
"March 27, 2540","M27",,,,,,,
"April 16, 2541","A16",,,,,,,
"April 8, 2542","A8",,,,,,,
"March 24, 2543","M24",,,,,,,
"April 12, 2544","A12",,,,,,,
"April 4, 2545","A4",,,,,,,
"April 17, 2546","A17",,,,,,,
"April 9, 2547","A9",,,,,,,
"March 31, 2548","M31",,,,,,,
"April 20, 2549","A20",,,,,,,
"April 5, 2550","A5",,,,,,,
"March 28, 2551","M28",,,,,,,
"April 16, 2552","A16",,,,,,,
"April 1, 2553","A1",,,,,,,
"April 21, 2554","A21",,,,,,,
"April 13, 2555","A13",,,,,,,
"March 28, 2556","M28",,,,,,,
"April 17, 2557","A17",,,,,,,
"April 9, 2558","A9",,,,,,,
"March 25, 2559","M25",,,,,,,
"April 13, 2560","A13",,,,,,,
"April 5, 2561","A5",,,,,,,
"March 28, 2562","M28",,,,,,,
"April 10, 2563","A10",,,,,,,
"April 1, 2564","A1",,,,,,,
"April 21, 2565","A21",,,,,,,
"April 6, 2566","A6",,,,,,,
"March 29, 2567","M29",,,,,,,
"April 17, 2568","A17",,,,,,,
"April 9, 2569","A9",,,,,,,
"March 25, 2570","M25",,,,,,,
"April 14, 2571","A14",,,,,,,
"April 5, 2572","A5",,,,,,,
"April 25, 2573","A25",,,,,,,
"April 10, 2574","A10",,,,,,,
"April 2, 2575","A2",,,,,,,
"April 21, 2576","A21",,,,,,,
"April 6, 2577","A6",,,,,,,
"March 29, 2578","M29",,,,,,,
"April 18, 2579","A18",,,,,,,
"April 2, 2580","A2",,,,,,,
"March 25, 2581","M25",,,,,,,
"April 14, 2582","A14",,,,,,,
"March 30, 2583","M30",,,,,,,
"April 18, 2584","A18",,,,,,,
"April 10, 2585","A10",,,,,,,
"March 26, 2586","M26",,,,,,,
"April 15, 2587","A15",,,,,,,
"April 6, 2588","A6",,,,,,,
"March 29, 2589","M29",,,,,,,
"April 11, 2590","A11",,,,,,,
"April 3, 2591","A3",,,,,,,
"April 22, 2592","A22",,,,,,,
"April 14, 2593","A14",,,,,,,
"March 30, 2594","M30",,,,,,,
"April 19, 2595","A19",,,,,,,
"April 10, 2596","A10",,,,,,,
"March 26, 2597","M26",,,,,,,
"April 15, 2598","A15",,,,,,,
"April 7, 2599","A7",,,,,,,
"March 23, 2600","M23",,,,,,,
"April 12, 2601","A12",,,,,,,
"April 4, 2602","A4",,,,,,,
"April 24, 2603","A24",,,,,,,
"April 8, 2604","A8",,,,,,,
"March 31, 2605","M31",,,,,,,
"April 20, 2606","A20",,,,,,,
"April 5, 2607","A5",,,,,,,
"March 27, 2608","M27",,,,,,,
"April 16, 2609","A16",,,,,,,
"April 1, 2610","A1",,,,,,,
"April 21, 2611","A21",,,,,,,
"April 12, 2612","A12",,,,,,,
"April 4, 2613","A4",,,,,,,
"April 17, 2614","A17",,,,,,,
"April 9, 2615","A9",,,,,,,
"March 31, 2616","M31",,,,,,,
"April 20, 2617","A20",,,,,,,
"April 5, 2618","A5",,,,,,,
"March 28, 2619","M28",,,,,,,
"April 16, 2620","A16",,,,,,,
"April 1, 2621","A1",,,,,,,
"April 21, 2622","A21",,,,,,,
"April 13, 2623","A13",,,,,,,
"March 28, 2624","M28",,,,,,,
"April 17, 2625","A17",,,,,,,
"April 9, 2626","A9",,,,,,,
"March 25, 2627","M25",,,,,,,
"April 13, 2628","A13",,,,,,,
"April 5, 2629","A5",,,,,,,
"April 25, 2630","A25",,,,,,,
"April 10, 2631","A10",,,,,,,
"April 1, 2632","A1",,,,,,,
"April 21, 2633","A21",,,,,,,
"April 6, 2634","A6",,,,,,,
"March 29, 2635","M29",,,,,,,
"April 17, 2636","A17",,,,,,,
"April 9, 2637","A9",,,,,,,
"March 25, 2638","M25",,,,,,,
"April 14, 2639","A14",,,,,,,
"April 5, 2640","A5",,,,,,,
"April 18, 2641","A18",,,,,,,
"April 10, 2642","A10",,,,,,,
"April 2, 2643","A2",,,,,,,
"April 21, 2644","A21",,,,,,,
"April 6, 2645","A6",,,,,,,
"March 29, 2646","M29",,,,,,,
"April 18, 2647","A18",,,,,,,
"April 2, 2648","A2",,,,,,,
"April 22, 2649","A22",,,,,,,
"April 14, 2650","A14",,,,,,,
"March 30, 2651","M30",,,,,,,
"April 18, 2652","A18",,,,,,,
"April 10, 2653","A10",,,,,,,
"March 26, 2654","M26",,,,,,,
"April 15, 2655","A15",,,,,,,
"April 6, 2656","A6",,,,,,,
"March 29, 2657","M29",,,,,,,
"April 11, 2658","A11",,,,,,,
"April 3, 2659","A3",,,,,,,
"April 22, 2660","A22",,,,,,,
"April 7, 2661","A7",,,,,,,
"March 30, 2662","M30",,,,,,,
"April 19, 2663","A19",,,,,,,
"April 10, 2664","A10",,,,,,,
"March 26, 2665","M26",,,,,,,
"April 15, 2666","A15",,,,,,,
"April 7, 2667","A7",,,,,,,
"April 19, 2668","A19",,,,,,,
"April 11, 2669","A11",,,,,,,
"April 3, 2670","A3",,,,,,,
"April 23, 2671","A23",,,,,,,
"April 7, 2672","A7",,,,,,,
"March 30, 2673","M30",,,,,,,
"April 19, 2674","A19",,,,,,,
"April 4, 2675","A4",,,,,,,
"March 26, 2676","M26",,,,,,,
"April 15, 2677","A15",,,,,,,
"March 31, 2678","M31",,,,,,,
"April 20, 2679","A20",,,,,,,
"April 11, 2680","A11",,,,,,,
"March 27, 2681","M27",,,,,,,
"April 16, 2682","A16",,,,,,,
"April 8, 2683","A8",,,,,,,
"March 30, 2684","M30",,,,,,,
"April 12, 2685","A12",,,,,,,
"April 4, 2686","A4",,,,,,,
"April 24, 2687","A24",,,,,,,
"April 15, 2688","A15",,,,,,,
"March 31, 2689","M31",,,,,,,
"April 20, 2690","A20",,,,,,,
"April 12, 2691","A12",,,,,,,
"March 27, 2692","M27",,,,,,,
"April 16, 2693","A16",,,,,,,
"April 8, 2694","A8",,,,,,,
"March 24, 2695","M24",,,,,,,
"April 12, 2696","A12",,,,,,,
"April 4, 2697","A4",,,,,,,
"April 24, 2698","A24",,,,,,,
"April 9, 2699","A9",,,,,,,
"April 1, 2700","A1",,,,,,,
"April 21, 2701","A21",,,,,,,
"April 6, 2702","A6",,,,,,,
"March 29, 2703","M29",,,,,,,
"April 17, 2704","A17",,,,,,,
"April 2, 2705","A2",,,,,,,
"April 22, 2706","A22",,,,,,,
"April 14, 2707","A14",,,,,,,
"March 29, 2708","M29",,,,,,,
"April 18, 2709","A18",,,,,,,
"April 10, 2710","A10",,,,,,,
"March 26, 2711","M26",,,,,,,
"April 14, 2712","A14",,,,,,,
"April 6, 2713","A6",,,,,,,
"March 29, 2714","M29",,,,,,,
"April 11, 2715","A11",,,,,,,
"April 2, 2716","A2",,,,,,,
"April 22, 2717","A22",,,,,,,
"April 7, 2718","A7",,,,,,,
"March 30, 2719","M30",,,,,,,
"April 18, 2720","A18",,,,,,,
"April 10, 2721","A10",,,,,,,
"March 26, 2722","M26",,,,,,,
"April 15, 2723","A15",,,,,,,
"April 6, 2724","A6",,,,,,,
"April 19, 2725","A19",,,,,,,
"April 11, 2726","A11",,,,,,,
"April 3, 2727","A3",,,,,,,
"April 22, 2728","A22",,,,,,,
"April 7, 2729","A7",,,,,,,
"March 30, 2730","M30",,,,,,,
"April 19, 2731","A19",,,,,,,
"April 3, 2732","A3",,,,,,,
"March 26, 2733","M26",,,,,,,
"April 15, 2734","A15",,,,,,,
"March 31, 2735","M31",,,,,,,
"April 19, 2736","A19",,,,,,,
"April 11, 2737","A11",,,,,,,
"March 27, 2738","M27",,,,,,,
"April 16, 2739","A16",,,,,,,
"April 7, 2740","A7",,,,,,,
"March 30, 2741","M30",,,,,,,
"April 12, 2742","A12",,,,,,,
"April 4, 2743","A4",,,,,,,
"April 23, 2744","A23",,,,,,,
"April 15, 2745","A15",,,,,,,
"March 31, 2746","M31",,,,,,,
"April 20, 2747","A20",,,,,,,
"April 11, 2748","A11",,,,,,,
"March 27, 2749","M27",,,,,,,
"April 16, 2750","A16",,,,,,,
"April 8, 2751","A8",,,,,,,
"March 23, 2752","M23",,,,,,,
"April 12, 2753","A12",,,,,,,
"April 4, 2754","A4",,,,,,,
"April 24, 2755","A24",,,,,,,
"April 8, 2756","A8",,,,,,,
"March 31, 2757","M31",,,,,,,
"April 20, 2758","A20",,,,,,,
"April 5, 2759","A5",,,,,,,
"March 27, 2760","M27",,,,,,,
"April 16, 2761","A16",,,,,,,
"April 1, 2762","A1",,,,,,,
"April 21, 2763","A21",,,,,,,
"April 12, 2764","A12",,,,,,,
"April 4, 2765","A4",,,,,,,
"April 17, 2766","A17",,,,,,,
"April 9, 2767","A9",,,,,,,
"March 31, 2768","M31",,,,,,,
"April 20, 2769","A20",,,,,,,
"April 5, 2770","A5",,,,,,,
"March 28, 2771","M28",,,,,,,
"April 16, 2772","A16",,,,,,,
"April 1, 2773","A1",,,,,,,
"April 21, 2774","A21",,,,,,,
"April 13, 2775","A13",,,,,,,
"March 28, 2776","M28",,,,,,,
"April 17, 2777","A17",,,,,,,
"April 9, 2778","A9",,,,,,,
"March 25, 2779","M25",,,,,,,
"April 13, 2780","A13",,,,,,,
"April 5, 2781","A5",,,,,,,
"April 25, 2782","A25",,,,,,,
"April 10, 2783","A10",,,,,,,
"April 1, 2784","A1",,,,,,,
"April 21, 2785","A21",,,,,,,
"April 6, 2786","A6",,,,,,,
"March 29, 2787","M29",,,,,,,
"April 17, 2788","A17",,,,,,,
"April 9, 2789","A9",,,,,,,
"March 25, 2790","M25",,,,,,,
"April 14, 2791","A14",,,,,,,
"April 5, 2792","A5",,,,,,,
"April 18, 2793","A18",,,,,,,
"April 10, 2794","A10",,,,,,,
"April 2, 2795","A2",,,,,,,
"April 21, 2796","A21",,,,,,,
"April 6, 2797","A6",,,,,,,
"March 29, 2798","M29",,,,,,,
"April 18, 2799","A18",,,,,,,
"April 2, 2800","A2",,,,,,,
"April 22, 2801","A22",,,,,,,
"April 14, 2802","A14",,,,,,,
"March 30, 2803","M30",,,,,,,
"April 18, 2804","A18",,,,,,,
"April 10, 2805","A10",,,,,,,
"March 26, 2806","M26",,,,,,,
"April 15, 2807","A15",,,,,,,
"April 6, 2808","A6",,,,,,,
"March 29, 2809","M29",,,,,,,
"April 11, 2810","A11",,,,,,,
"April 3, 2811","A3",,,,,,,
"April 22, 2812","A22",,,,,,,
"April 7, 2813","A7",,,,,,,
"March 30, 2814","M30",,,,,,,
"April 19, 2815","A19",,,,,,,
"April 10, 2816","A10",,,,,,,
"March 26, 2817","M26",,,,,,,
"April 15, 2818","A15",,,,,,,
"April 7, 2819","A7",,,,,,,
"April 19, 2820","A19",,,,,,,
"April 11, 2821","A11",,,,,,,
"April 3, 2822","A3",,,,,,,
"April 23, 2823","A23",,,,,,,
"April 7, 2824","A7",,,,,,,
"March 30, 2825","M30",,,,,,,
"April 19, 2826","A19",,,,,,,
"April 4, 2827","A4",,,,,,,
"March 26, 2828","M26",,,,,,,
"April 15, 2829","A15",,,,,,,
"March 31, 2830","M31",,,,,,,
"April 20, 2831","A20",,,,,,,
"April 11, 2832","A11",,,,,,,
"March 27, 2833","M27",,,,,,,
"April 16, 2834","A16",,,,,,,
"April 8, 2835","A8",,,,,,,
"March 30, 2836","M30",,,,,,,
"April 12, 2837","A12",,,,,,,
"April 4, 2838","A4",,,,,,,
"April 24, 2839","A24",,,,,,,
"April 15, 2840","A15",,,,,,,
"March 31, 2841","M31",,,,,,,
"April 20, 2842","A20",,,,,,,
"April 12, 2843","A12",,,,,,,
"March 27, 2844","M27",,,,,,,
"April 16, 2845","A16",,,,,,,
"April 8, 2846","A8",,,,,,,
"March 24, 2847","M24",,,,,,,
"April 12, 2848","A12",,,,,,,
"April 4, 2849","A4",,,,,,,
"April 24, 2850","A24",,,,,,,
"April 9, 2851","A9",,,,,,,
"March 31, 2852","M31",,,,,,,
"April 20, 2853","A20",,,,,,,
"April 5, 2854","A5",,,,,,,
"March 28, 2855","M28",,,,,,,
"April 16, 2856","A16",,,,,,,
"April 1, 2857","A1",,,,,,,
"April 21, 2858","A21",,,,,,,
"April 13, 2859","A13",,,,,,,
"April 4, 2860","A4",,,,,,,
"April 17, 2861","A17",,,,,,,
"April 9, 2862","A9",,,,,,,
"April 1, 2863","A1",,,,,,,
"April 20, 2864","A20",,,,,,,
"April 5, 2865","A5",,,,,,,
"March 28, 2866","M28",,,,,,,
"April 17, 2867","A17",,,,,,,
"April 1, 2868","A1",,,,,,,
"April 21, 2869","A21",,,,,,,
"April 13, 2870","A13",,,,,,,
"March 29, 2871","M29",,,,,,,
"April 17, 2872","A17",,,,,,,
"April 9, 2873","A9",,,,,,,
"March 25, 2874","M25",,,,,,,
"April 14, 2875","A14",,,,,,,
"April 5, 2876","A5",,,,,,,
"April 25, 2877","A25",,,,,,,
"April 10, 2878","A10",,,,,,,
"April 2, 2879","A2",,,,,,,
"April 21, 2880","A21",,,,,,,
"April 6, 2881","A6",,,,,,,
"March 29, 2882","M29",,,,,,,
"April 18, 2883","A18",,,,,,,
"April 9, 2884","A9",,,,,,,
"March 25, 2885","M25",,,,,,,
"April 14, 2886","A14",,,,,,,
"April 6, 2887","A6",,,,,,,
"April 18, 2888","A18",,,,,,,
"April 10, 2889","A10",,,,,,,
"April 2, 2890","A2",,,,,,,
"April 15, 2891","A15",,,,,,,
"April 6, 2892","A6",,,,,,,
"March 29, 2893","M29",,,,,,,
"April 18, 2894","A18",,,,,,,
"April 3, 2895","A3",,,,,,,
"April 22, 2896","A22",,,,,,,
"April 14, 2897","A14",,,,,,,
"March 30, 2898","M30",,,,,,,
"April 19, 2899","A19",,,,,,,
"April 11, 2900","A11",,,,,,,
"March 27, 2901","M27",,,,,,,
"April 16, 2902","A16",,,,,,,
"April 8, 2903","A8",,,,,,,
"March 30, 2904","M30",,,,,,,
"April 12, 2905","A12",,,,,,,
"April 4, 2906","A4",,,,,,,
"April 24, 2907","A24",,,,,,,
"April 8, 2908","A8",,,,,,,
"March 31, 2909","M31",,,,,,,
"April 20, 2910","A20",,,,,,,
"April 5, 2911","A5",,,,,,,
"March 27, 2912","M27",,,,,,,
"April 16, 2913","A16",,,,,,,
"April 8, 2914","A8",,,,,,,
"March 24, 2915","M24",,,,,,,
"April 12, 2916","A12",,,,,,,
"April 4, 2917","A4",,,,,,,
"April 24, 2918","A24",,,,,,,
"April 9, 2919","A9",,,,,,,
"March 31, 2920","M31",,,,,,,
"April 20, 2921","A20",,,,,,,
"April 5, 2922","A5",,,,,,,
"March 28, 2923","M28",,,,,,,
"April 16, 2924","A16",,,,,,,
"April 1, 2925","A1",,,,,,,
"April 21, 2926","A21",,,,,,,
"April 13, 2927","A13",,,,,,,
"March 28, 2928","M28",,,,,,,
"April 17, 2929","A17",,,,,,,
"April 9, 2930","A9",,,,,,,
"March 25, 2931","M25",,,,,,,
"April 13, 2932","A13",,,,,,,
"April 5, 2933","A5",,,,,,,
"March 28, 2934","M28",,,,,,,
"April 10, 2935","A10",,,,,,,
"April 1, 2936","A1",,,,,,,
"April 21, 2937","A21",,,,,,,
"April 13, 2938","A13",,,,,,,
"March 29, 2939","M29",,,,,,,
"April 17, 2940","A17",,,,,,,
"April 9, 2941","A9",,,,,,,
"March 25, 2942","M25",,,,,,,
"April 14, 2943","A14",,,,,,,
"April 5, 2944","A5",,,,,,,
"April 25, 2945","A25",,,,,,,
"April 10, 2946","A10",,,,,,,
"April 2, 2947","A2",,,,,,,
"April 21, 2948","A21",,,,,,,
"April 6, 2949","A6",,,,,,,
"March 29, 2950","M29",,,,,,,
"April 18, 2951","A18",,,,,,,
"April 2, 2952","A2",,,,,,,
"March 25, 2953","M25",,,,,,,
"April 14, 2954","A14",,,,,,,
"March 30, 2955","M30",,,,,,,
"April 18, 2956","A18",,,,,,,
"April 10, 2957","A10",,,,,,,
"April 2, 2958","A2",,,,,,,
"April 15, 2959","A15",,,,,,,
"April 6, 2960","A6",,,,,,,
"March 29, 2961","M29",,,,,,,
"April 18, 2962","A18",,,,,,,
"April 3, 2963","A3",,,,,,,
"April 22, 2964","A22",,,,,,,
"April 14, 2965","A14",,,,,,,
"March 30, 2966","M30",,,,,,,
"April 19, 2967","A19",,,,,,,
"April 10, 2968","A10",,,,,,,
"March 26, 2969","M26",,,,,,,
"April 15, 2970","A15",,,,,,,
"April 7, 2971","A7",,,,,,,
"March 22, 2972","M22",,,,,,,
"April 11, 2973","A11",,,,,,,
"April 3, 2974","A3",,,,,,,
"April 23, 2975","A23",,,,,,,
"April 7, 2976","A7",,,,,,,
"March 30, 2977","M30",,,,,,,
"April 19, 2978","A19",,,,,,,
"April 4, 2979","A4",,,,,,,
"March 26, 2980","M26",,,,,,,
"April 15, 2981","A15",,,,,,,
"April 7, 2982","A7",,,,,,,
"April 20, 2983","A20",,,,,,,
"April 11, 2984","A11",,,,,,,
"April 3, 2985","A3",,,,,,,
"April 16, 2986","A16",,,,,,,
"April 8, 2987","A8",,,,,,,
"March 30, 2988","M30",,,,,,,
"April 19, 2989","A19",,,,,,,
"April 4, 2990","A4",,,,,,,
"March 27, 2991","M27",,,,,,,
"April 15, 2992","A15",,,,,,,
"March 31, 2993","M31",,,,,,,
"April 20, 2994","A20",,,,,,,
"April 12, 2995","A12",,,,,,,
"March 27, 2996","M27",,,,,,,
"April 16, 2997","A16",,,,,,,
"April 8, 2998","A8",,,,,,,
"March 24, 2999","M24",,,,,,,
"April 13, 3000","A13",,,,,,,
"April 5, 3001","A5",,,,,,,
"April 25, 3002","A25",,,,,,,
"April 10, 3003","A10",,,,,,,
"April 1, 3004","A1",,,,,,,
"April 21, 3005","A21",,,,,,,
"April 6, 3006","A6",,,,,,,
"March 29, 3007","M29",,,,,,,
"April 17, 3008","A17",,,,,,,
"April 2, 3009","A2",,,,,,,
"March 25, 3010","M25",,,,,,,
"April 14, 3011","A14",,,,,,,
"April 5, 3012","A5",,,,,,,
"April 18, 3013","A18",,,,,,,
"April 10, 3014","A10",,,,,,,
"April 2, 3015","A2",,,,,,,
"April 21, 3016","A21",,,,,,,
"April 6, 3017","A6",,,,,,,
"March 29, 3018","M29",,,,,,,
"April 18, 3019","A18",,,,,,,
"April 2, 3020","A2",,,,,,,
"April 22, 3021","A22",,,,,,,
"April 14, 3022","A14",,,,,,,
"March 30, 3023","M30",,,,,,,
"April 18, 3024","A18",,,,,,,
"April 10, 3025","A10",,,,,,,
"March 26, 3026","M26",,,,,,,
"April 15, 3027","A15",,,,,,,
"April 6, 3028","A6",,,,,,,
"March 22, 3029","M22",,,,,,,
"April 11, 3030","A11",,,,,,,
"April 3, 3031","A3",,,,,,,
"April 22, 3032","A22",,,,,,,
"April 7, 3033","A7",,,,,,,
"March 30, 3034","M30",,,,,,,
"April 19, 3035","A19",,,,,,,
"April 10, 3036","A10",,,,,,,
"March 26, 3037","M26",,,,,,,
"April 15, 3038","A15",,,,,,,
"April 7, 3039","A7",,,,,,,
"April 19, 3040","A19",,,,,,,
"April 11, 3041","A11",,,,,,,
"April 3, 3042","A3",,,,,,,
"April 16, 3043","A16",,,,,,,
"April 7, 3044","A7",,,,,,,
"March 30, 3045","M30",,,,,,,
"April 19, 3046","A19",,,,,,,
"April 4, 3047","A4",,,,,,,
"March 26, 3048","M26",,,,,,,
"April 15, 3049","A15",,,,,,,
"March 31, 3050","M31",,,,,,,
"April 20, 3051","A20",,,,,,,
"April 11, 3052","A11",,,,,,,
"March 27, 3053","M27",,,,,,,
"April 16, 3054","A16",,,,,,,
"April 8, 3055","A8",,,,,,,
"March 30, 3056","M30",,,,,,,
"April 12, 3057","A12",,,,,,,
"April 4, 3058","A4",,,,,,,
"April 24, 3059","A24",,,,,,,
"April 8, 3060","A8",,,,,,,
"March 31, 3061","M31",,,,,,,
"April 20, 3062","A20",,,,,,,
"April 5, 3063","A5",,,,,,,
"March 27, 3064","M27",,,,,,,
"April 16, 3065","A16",,,,,,,
"April 8, 3066","A8",,,,,,,
"March 24, 3067","M24",,,,,,,
"April 12, 3068","A12",,,,,,,
"April 4, 3069","A4",,,,,,,
"April 24, 3070","A24",,,,,,,
"April 9, 3071","A9",,,,,,,
"March 31, 3072","M31",,,,,,,
"April 20, 3073","A20",,,,,,,
"April 5, 3074","A5",,,,,,,
"March 28, 3075","M28",,,,,,,
"April 16, 3076","A16",,,,,,,
"April 1, 3077","A1",,,,,,,
"April 21, 3078","A21",,,,,,,
"April 13, 3079","A13",,,,,,,
"March 28, 3080","M28",,,,,,,
"April 17, 3081","A17",,,,,,,
"April 9, 3082","A9",,,,,,,
"March 25, 3083","M25",,,,,,,
"April 13, 3084","A13",,,,,,,
"April 5, 3085","A5",,,,,,,
"March 28, 3086","M28",,,,,,,
"April 10, 3087","A10",,,,,,,
"April 1, 3088","A1",,,,,,,
"April 21, 3089","A21",,,,,,,
"April 13, 3090","A13",,,,,,,
"March 29, 3091","M29",,,,,,,
"April 17, 3092","A17",,,,,,,
"April 9, 3093","A9",,,,,,,
"March 25, 3094","M25",,,,,,,
"April 14, 3095","A14",,,,,,,
"April 5, 3096","A5",,,,,,,
"April 25, 3097","A25",,,,,,,
"April 10, 3098","A10",,,,,,,
"April 2, 3099","A2",,,,,,,
"April 22, 3100","A22",,,,,,,
"April 7, 3101","A7",,,,,,,
"March 30, 3102","M30",,,,,,,
"April 19, 3103","A19",,,,,,,
"April 3, 3104","A3",,,,,,,
"March 26, 3105","M26",,,,,,,
"April 15, 3106","A15",,,,,,,
"March 31, 3107","M31",,,,,,,
"April 19, 3108","A19",,,,,,,
"April 11, 3109","A11",,,,,,,
"April 3, 3110","A3",,,,,,,
"April 16, 3111","A16",,,,,,,
"April 7, 3112","A7",,,,,,,
"March 30, 3113","M30",,,,,,,
"April 19, 3114","A19",,,,,,,
"April 4, 3115","A4",,,,,,,
"April 23, 3116","A23",,,,,,,
"April 15, 3117","A15",,,,,,,
"March 31, 3118","M31",,,,,,,
"April 20, 3119","A20",,,,,,,
"April 11, 3120","A11",,,,,,,
"March 27, 3121","M27",,,,,,,
"April 16, 3122","A16",,,,,,,
"April 8, 3123","A8",,,,,,,
"March 23, 3124","M23",,,,,,,
"April 12, 3125","A12",,,,,,,
"April 4, 3126","A4",,,,,,,
"April 24, 3127","A24",,,,,,,
"April 8, 3128","A8",,,,,,,
"March 31, 3129","M31",,,,,,,
"April 20, 3130","A20",,,,,,,
"April 5, 3131","A5",,,,,,,
"March 27, 3132","M27",,,,,,,
"April 16, 3133","A16",,,,,,,
"April 8, 3134","A8",,,,,,,
"April 21, 3135","A21",,,,,,,
"April 12, 3136","A12",,,,,,,
"April 4, 3137","A4",,,,,,,
"April 17, 3138","A17",,,,,,,
"April 9, 3139","A9",,,,,,,
"March 31, 3140","M31",,,,,,,
"April 20, 3141","A20",,,,,,,
"April 5, 3142","A5",,,,,,,
"March 28, 3143","M28",,,,,,,
"April 16, 3144","A16",,,,,,,
"April 1, 3145","A1",,,,,,,
"April 21, 3146","A21",,,,,,,
"April 13, 3147","A13",,,,,,,
"March 28, 3148","M28",,,,,,,
"April 17, 3149","A17",,,,,,,
"April 9, 3150","A9",,,,,,,
"March 25, 3151","M25",,,,,,,
"April 13, 3152","A13",,,,,,,
"April 5, 3153","A5",,,,,,,
"April 25, 3154","A25",,,,,,,
"April 10, 3155","A10",,,,,,,
"April 1, 3156","A1",,,,,,,
"April 21, 3157","A21",,,,,,,
"April 6, 3158","A6",,,,,,,
"March 29, 3159","M29",,,,,,,
"April 17, 3160","A17",,,,,,,
"April 9, 3161","A9",,,,,,,
"March 25, 3162","M25",,,,,,,
"April 14, 3163","A14",,,,,,,
"April 5, 3164","A5",,,,,,,
"April 18, 3165","A18",,,,,,,
"April 10, 3166","A10",,,,,,,
"April 2, 3167","A2",,,,,,,
"April 21, 3168","A21",,,,,,,
"April 6, 3169","A6",,,,,,,
"March 29, 3170","M29",,,,,,,
"April 18, 3171","A18",,,,,,,
"April 2, 3172","A2",,,,,,,
"April 22, 3173","A22",,,,,,,
"April 14, 3174","A14",,,,,,,
"March 30, 3175","M30",,,,,,,
"April 18, 3176","A18",,,,,,,
"April 10, 3177","A10",,,,,,,
"March 26, 3178","M26",,,,,,,
"April 15, 3179","A15",,,,,,,
"April 6, 3180","A6",,,,,,,
"March 29, 3181","M29",,,,,,,
"April 11, 3182","A11",,,,,,,
"April 3, 3183","A3",,,,,,,
"April 22, 3184","A22",,,,,,,
"April 14, 3185","A14",,,,,,,
"March 30, 3186","M30",,,,,,,
"April 19, 3187","A19",,,,,,,
"April 10, 3188","A10",,,,,,,
"March 26, 3189","M26",,,,,,,
"April 15, 3190","A15",,,,,,,
"April 7, 3191","A7",,,,,,,
"April 19, 3192","A19",,,,,,,
"April 11, 3193","A11",,,,,,,
"April 3, 3194","A3",,,,,,,
"April 23, 3195","A23",,,,,,,
"April 7, 3196","A7",,,,,,,
"March 30, 3197","M30",,,,,,,
"April 19, 3198","A19",,,,,,,
"April 4, 3199","A4",,,,,,,
"March 26, 3200","M26",,,,,,,
"April 15, 3201","A15",,,,,,,
"March 31, 3202","M31",,,,,,,
"April 20, 3203","A20",,,,,,,
"April 11, 3204","A11",,,,,,,
"April 3, 3205","A3",,,,,,,
"April 16, 3206","A16",,,,,,,
"April 8, 3207","A8",,,,,,,
"March 30, 3208","M30",,,,,,,
"April 19, 3209","A19",,,,,,,
"April 4, 3210","A4",,,,,,,
"April 24, 3211","A24",,,,,,,
"April 15, 3212","A15",,,,,,,
"March 31, 3213","M31",,,,,,,
"April 20, 3214","A20",,,,,,,
"April 12, 3215","A12",,,,,,,
"March 27, 3216","M27",,,,,,,
"April 16, 3217","A16",,,,,,,
"April 8, 3218","A8",,,,,,,
"March 24, 3219","M24",,,,,,,
"April 12, 3220","A12",,,,,,,
"April 4, 3221","A4",,,,,,,
"April 24, 3222","A24",,,,,,,
"April 9, 3223","A9",,,,,,,
"March 31, 3224","M31",,,,,,,
"April 20, 3225","A20",,,,,,,
"April 5, 3226","A5",,,,,,,
"March 28, 3227","M28",,,,,,,
"April 16, 3228","A16",,,,,,,
"April 8, 3229","A8",,,,,,,
"April 21, 3230","A21",,,,,,,
"April 13, 3231","A13",,,,,,,
"April 4, 3232","A4",,,,,,,
"April 17, 3233","A17",,,,,,,
"April 9, 3234","A9",,,,,,,
"April 1, 3235","A1",,,,,,,
"April 20, 3236","A20",,,,,,,
"April 5, 3237","A5",,,,,,,
"March 28, 3238","M28",,,,,,,
"April 17, 3239","A17",,,,,,,
"April 1, 3240","A1",,,,,,,
"April 21, 3241","A21",,,,,,,
"April 13, 3242","A13",,,,,,,
"March 29, 3243","M29",,,,,,,
"April 17, 3244","A17",,,,,,,
"April 9, 3245","A9",,,,,,,
"March 25, 3246","M25",,,,,,,
"April 14, 3247","A14",,,,,,,
"April 5, 3248","A5",,,,,,,
"April 25, 3249","A25",,,,,,,
"April 10, 3250","A10",,,,,,,
"April 2, 3251","A2",,,,,,,
"April 21, 3252","A21",,,,,,,
"April 6, 3253","A6",,,,,,,
"March 29, 3254","M29",,,,,,,
"April 18, 3255","A18",,,,,,,
"April 9, 3256","A9",,,,,,,
"March 25, 3257","M25",,,,,,,
"April 14, 3258","A14",,,,,,,
"April 6, 3259","A6",,,,,,,
"April 18, 3260","A18",,,,,,,
"April 10, 3261","A10",,,,,,,
"April 2, 3262","A2",,,,,,,
"April 22, 3263","A22",,,,,,,
"April 6, 3264","A6",,,,,,,
"March 29, 3265","M29",,,,,,,
"April 18, 3266","A18",,,,,,,
"April 3, 3267","A3",,,,,,,
"April 22, 3268","A22",,,,,,,
"April 14, 3269","A14",,,,,,,
"March 30, 3270","M30",,,,,,,
"April 19, 3271","A19",,,,,,,
"April 10, 3272","A10",,,,,,,
"March 26, 3273","M26",,,,,,,
"April 15, 3274","A15",,,,,,,
"April 7, 3275","A7",,,,,,,
"March 29, 3276","M29",,,,,,,
"April 11, 3277","A11",,,,,,,
"April 3, 3278","A3",,,,,,,
"April 23, 3279","A23",,,,,,,
"April 14, 3280","A14",,,,,,,
"March 30, 3281","M30",,,,,,,
"April 19, 3282","A19",,,,,,,
"April 11, 3283","A11",,,,,,,
"March 26, 3284","M26",,,,,,,
"April 15, 3285","A15",,,,,,,
"April 7, 3286","A7",,,,,,,
"April 20, 3287","A20",,,,,,,
"April 11, 3288","A11",,,,,,,
"April 3, 3289","A3",,,,,,,
"April 23, 3290","A23",,,,,,,
"April 8, 3291","A8",,,,,,,
"March 30, 3292","M30",,,,,,,
"April 19, 3293","A19",,,,,,,
"April 4, 3294","A4",,,,,,,
"March 27, 3295","M27",,,,,,,
"April 15, 3296","A15",,,,,,,
"March 31, 3297","M31",,,,,,,
"April 20, 3298","A20",,,,,,,
"April 12, 3299","A12",,,,,,,
"March 28, 3300","M28",,,,,,,
"April 17, 3301","A17",,,,,,,
"April 9, 3302","A9",,,,,,,
"March 25, 3303","M25",,,,,,,
"April 13, 3304","A13",,,,,,,
"April 5, 3305","A5",,,,,,,
"April 25, 3306","A25",,,,,,,
"April 10, 3307","A10",,,,,,,
"April 1, 3308","A1",,,,,,,
"April 21, 3309","A21",,,,,,,
"April 6, 3310","A6",,,,,,,
"March 29, 3311","M29",,,,,,,
"April 17, 3312","A17",,,,,,,
"April 9, 3313","A9",,,,,,,
"March 25, 3314","M25",,,,,,,
"April 14, 3315","A14",,,,,,,
"April 5, 3316","A5",,,,,,,
"April 18, 3317","A18",,,,,,,
"April 10, 3318","A10",,,,,,,
"April 2, 3319","A2",,,,,,,
"April 21, 3320","A21",,,,,,,
"April 6, 3321","A6",,,,,,,
"March 29, 3322","M29",,,,,,,
"April 18, 3323","A18",,,,,,,
"April 2, 3324","A2",,,,,,,
"April 22, 3325","A22",,,,,,,
"April 14, 3326","A14",,,,,,,
"March 30, 3327","M30",,,,,,,
"April 18, 3328","A18",,,,,,,
"April 10, 3329","A10",,,,,,,
"March 26, 3330","M26",,,,,,,
"April 15, 3331","A15",,,,,,,
"April 6, 3332","A6",,,,,,,
"March 29, 3333","M29",,,,,,,
"April 11, 3334","A11",,,,,,,
"April 3, 3335","A3",,,,,,,
"April 22, 3336","A22",,,,,,,
"April 14, 3337","A14",,,,,,,
"March 30, 3338","M30",,,,,,,
"April 19, 3339","A19",,,,,,,
"April 10, 3340","A10",,,,,,,
"March 26, 3341","M26",,,,,,,
"April 15, 3342","A15",,,,,,,
"April 7, 3343","A7",,,,,,,
"April 19, 3344","A19",,,,,,,
"April 11, 3345","A11",,,,,,,
"April 3, 3346","A3",,,,,,,
"April 23, 3347","A23",,,,,,,
"April 7, 3348","A7",,,,,,,
"March 30, 3349","M30",,,,,,,
"April 19, 3350","A19",,,,,,,
"April 4, 3351","A4",,,,,,,
"March 26, 3352","M26",,,,,,,
"April 15, 3353","A15",,,,,,,
"March 31, 3354","M31",,,,,,,
"April 20, 3355","A20",,,,,,,
"April 11, 3356","A11",,,,,,,
"April 3, 3357","A3",,,,,,,
"April 16, 3358","A16",,,,,,,
"April 8, 3359","A8",,,,,,,
"March 30, 3360","M30",,,,,,,
"April 19, 3361","A19",,,,,,,
"April 4, 3362","A4",,,,,,,
"April 24, 3363","A24",,,,,,,
"April 15, 3364","A15",,,,,,,
"March 31, 3365","M31",,,,,,,
"April 20, 3366","A20",,,,,,,
"April 12, 3367","A12",,,,,,,
"March 27, 3368","M27",,,,,,,
"April 16, 3369","A16",,,,,,,
"April 8, 3370","A8",,,,,,,
"March 24, 3371","M24",,,,,,,
"April 12, 3372","A12",,,,,,,
"April 4, 3373","A4",,,,,,,
"April 24, 3374","A24",,,,,,,
"April 9, 3375","A9",,,,,,,
"March 31, 3376","M31",,,,,,,
"April 20, 3377","A20",,,,,,,
"April 5, 3378","A5",,,,,,,
"March 28, 3379","M28",,,,,,,
"April 16, 3380","A16",,,,,,,
"April 8, 3381","A8",,,,,,,
"April 21, 3382","A21",,,,,,,
"April 13, 3383","A13",,,,,,,
"April 4, 3384","A4",,,,,,,
"April 17, 3385","A17",,,,,,,
"April 9, 3386","A9",,,,,,,
"April 1, 3387","A1",,,,,,,
"April 20, 3388","A20",,,,,,,
"April 5, 3389","A5",,,,,,,
"March 28, 3390","M28",,,,,,,
"April 17, 3391","A17",,,,,,,
"April 1, 3392","A1",,,,,,,
"April 21, 3393","A21",,,,,,,
"April 13, 3394","A13",,,,,,,
"March 29, 3395","M29",,,,,,,
"April 17, 3396","A17",,,,,,,
"April 9, 3397","A9",,,,,,,
"March 25, 3398","M25",,,,,,,
"April 14, 3399","A14",,,,,,,
"April 6, 3400","A6",,,,,,,
"March 22, 3401","M22",,,,,,,
"April 11, 3402","A11",,,,,,,
"April 3, 3403","A3",,,,,,,
"April 22, 3404","A22",,,,,,,
"April 7, 3405","A7",,,,,,,
"March 30, 3406","M30",,,,,,,
"April 19, 3407","A19",,,,,,,
"April 10, 3408","A10",,,,,,,
"March 26, 3409","M26",,,,,,,
"April 15, 3410","A15",,,,,,,
"April 7, 3411","A7",,,,,,,
"April 19, 3412","A19",,,,,,,
"April 11, 3413","A11",,,,,,,
"April 3, 3414","A3",,,,,,,
"April 23, 3415","A23",,,,,,,
"April 7, 3416","A7",,,,,,,
"March 30, 3417","M30",,,,,,,
"April 19, 3418","A19",,,,,,,
"April 4, 3419","A4",,,,,,,
"March 26, 3420","M26",,,,,,,
"April 15, 3421","A15",,,,,,,
"March 31, 3422","M31",,,,,,,
"April 20, 3423","A20",,,,,,,
"April 11, 3424","A11",,,,,,,
"March 27, 3425","M27",,,,,,,
"April 16, 3426","A16",,,,,,,
"April 8, 3427","A8",,,,,,,
"March 30, 3428","M30",,,,,,,
"April 12, 3429","A12",,,,,,,
"April 4, 3430","A4",,,,,,,
"April 24, 3431","A24",,,,,,,
"April 15, 3432","A15",,,,,,,
"March 31, 3433","M31",,,,,,,
"April 20, 3434","A20",,,,,,,
"April 12, 3435","A12",,,,,,,
"March 27, 3436","M27",,,,,,,
"April 16, 3437","A16",,,,,,,
"April 8, 3438","A8",,,,,,,
"March 24, 3439","M24",,,,,,,
"April 12, 3440","A12",,,,,,,
"April 4, 3441","A4",,,,,,,
"April 24, 3442","A24",,,,,,,
"April 9, 3443","A9",,,,,,,
"March 31, 3444","M31",,,,,,,
"April 20, 3445","A20",,,,,,,
"April 5, 3446","A5",,,,,,,
"March 28, 3447","M28",,,,,,,
"April 16, 3448","A16",,,,,,,
"April 1, 3449","A1",,,,,,,
"April 21, 3450","A21",,,,,,,
"April 13, 3451","A13",,,,,,,
"April 4, 3452","A4",,,,,,,
"April 17, 3453","A17",,,,,,,
"April 9, 3454","A9",,,,,,,
"April 1, 3455","A1",,,,,,,
"April 20, 3456","A20",,,,,,,
"April 5, 3457","A5",,,,,,,
"March 28, 3458","M28",,,,,,,
"April 10, 3459","A10",,,,,,,
"April 1, 3460","A1",,,,,,,
"April 21, 3461","A21",,,,,,,
"April 13, 3462","A13",,,,,,,
"March 29, 3463","M29",,,,,,,
"April 17, 3464","A17",,,,,,,
"April 9, 3465","A9",,,,,,,
"March 25, 3466","M25",,,,,,,
"April 14, 3467","A14",,,,,,,
"April 5, 3468","A5",,,,,,,
"April 25, 3469","A25",,,,,,,
"April 10, 3470","A10",,,,,,,
"April 2, 3471","A2",,,,,,,
"April 21, 3472","A21",,,,,,,
"April 6, 3473","A6",,,,,,,
"March 29, 3474","M29",,,,,,,
"April 18, 3475","A18",,,,,,,
"April 9, 3476","A9",,,,,,,
"March 25, 3477","M25",,,,,,,
"April 14, 3478","A14",,,,,,,
"March 30, 3479","M30",,,,,,,
"April 18, 3480","A18",,,,,,,
"April 10, 3481","A10",,,,,,,
"April 2, 3482","A2",,,,,,,
"April 15, 3483","A15",,,,,,,
"April 6, 3484","A6",,,,,,,
"March 29, 3485","M29",,,,,,,
"April 18, 3486","A18",,,,,,,
"April 3, 3487","A3",,,,,,,
"April 22, 3488","A22",,,,,,,
"April 14, 3489","A14",,,,,,,
"March 30, 3490","M30",,,,,,,
"April 19, 3491","A19",,,,,,,
"April 10, 3492","A10",,,,,,,
"March 26, 3493","M26",,,,,,,
"April 15, 3494","A15",,,,,,,
"April 7, 3495","A7",,,,,,,
"March 22, 3496","M22",,,,,,,
"April 11, 3497","A11",,,,,,,
"April 3, 3498","A3",,,,,,,
"April 23, 3499","A23",,,,,,,
"April 8, 3500","A8",,,,,,,
"March 31, 3501","M31",,,,,,,
"April 20, 3502","A20",,,,,,,
"April 5, 3503","A5",,,,,,,
"March 27, 3504","M27",,,,,,,
"April 16, 3505","A16",,,,,,,
"April 8, 3506","A8",,,,,,,
"March 24, 3507","M24",,,,,,,
"April 12, 3508","A12",,,,,,,
"April 4, 3509","A4",,,,,,,
"April 24, 3510","A24",,,,,,,
"April 9, 3511","A9",,,,,,,
"March 31, 3512","M31",,,,,,,
"April 20, 3513","A20",,,,,,,
"April 5, 3514","A5",,,,,,,
"March 28, 3515","M28",,,,,,,
"April 16, 3516","A16",,,,,,,
"April 1, 3517","A1",,,,,,,
"April 21, 3518","A21",,,,,,,
"April 13, 3519","A13",,,,,,,
"March 28, 3520","M28",,,,,,,
"April 17, 3521","A17",,,,,,,
"April 9, 3522","A9",,,,,,,
"March 25, 3523","M25",,,,,,,
"April 13, 3524","A13",,,,,,,
"April 5, 3525","A5",,,,,,,
"March 28, 3526","M28",,,,,,,
"April 10, 3527","A10",,,,,,,
"April 1, 3528","A1",,,,,,,
"April 21, 3529","A21",,,,,,,
"April 13, 3530","A13",,,,,,,
"March 29, 3531","M29",,,,,,,
"April 17, 3532","A17",,,,,,,
"April 9, 3533","A9",,,,,,,
"March 25, 3534","M25",,,,,,,
"April 14, 3535","A14",,,,,,,
"April 5, 3536","A5",,,,,,,
"April 25, 3537","A25",,,,,,,
"April 10, 3538","A10",,,,,,,
"April 2, 3539","A2",,,,,,,
"April 21, 3540","A21",,,,,,,
"April 6, 3541","A6",,,,,,,
"March 29, 3542","M29",,,,,,,
"April 18, 3543","A18",,,,,,,
"April 2, 3544","A2",,,,,,,
"March 25, 3545","M25",,,,,,,
"April 14, 3546","A14",,,,,,,
"March 30, 3547","M30",,,,,,,
"April 18, 3548","A18",,,,,,,
"April 10, 3549","A10",,,,,,,
"April 2, 3550","A2",,,,,,,
"April 15, 3551","A15",,,,,,,
"April 6, 3552","A6",,,,,,,
"March 29, 3553","M29",,,,,,,
"April 11, 3554","A11",,,,,,,
"April 3, 3555","A3",,,,,,,
"April 22, 3556","A22",,,,,,,
"April 14, 3557","A14",,,,,,,
"March 30, 3558","M30",,,,,,,
"April 19, 3559","A19",,,,,,,
"April 10, 3560","A10",,,,,,,
"March 26, 3561","M26",,,,,,,
"April 15, 3562","A15",,,,,,,
"April 7, 3563","A7",,,,,,,
"March 22, 3564","M22",,,,,,,
"April 11, 3565","A11",,,,,,,
"April 3, 3566","A3",,,,,,,
"April 23, 3567","A23",,,,,,,
"April 7, 3568","A7",,,,,,,
"March 30, 3569","M30",,,,,,,
"April 19, 3570","A19",,,,,,,
"April 4, 3571","A4",,,,,,,
"March 26, 3572","M26",,,,,,,
"April 15, 3573","A15",,,,,,,
"March 31, 3574","M31",,,,,,,
"April 20, 3575","A20",,,,,,,
"April 11, 3576","A11",,,,,,,
"April 3, 3577","A3",,,,,,,
"April 16, 3578","A16",,,,,,,
"April 8, 3579","A8",,,,,,,
"March 30, 3580","M30",,,,,,,
"April 19, 3581","A19",,,,,,,
"April 4, 3582","A4",,,,,,,
"March 27, 3583","M27",,,,,,,
"April 15, 3584","A15",,,,,,,
"March 31, 3585","M31",,,,,,,
"April 20, 3586","A20",,,,,,,
"April 12, 3587","A12",,,,,,,
"March 27, 3588","M27",,,,,,,
"April 16, 3589","A16",,,,,,,
"April 8, 3590","A8",,,,,,,
"March 24, 3591","M24",,,,,,,
"April 12, 3592","A12",,,,,,,
"April 4, 3593","A4",,,,,,,
"April 24, 3594","A24",,,,,,,
"April 9, 3595","A9",,,,,,,
"March 31, 3596","M31",,,,,,,
"April 20, 3597","A20",,,,,,,
"April 5, 3598","A5",,,,,,,
"March 28, 3599","M28",,,,,,,
"April 16, 3600","A16",,,,,,,
"April 1, 3601","A1",,,,,,,
"April 21, 3602","A21",,,,,,,
"April 13, 3603","A13",,,,,,,
"April 4, 3604","A4",,,,,,,
"April 17, 3605","A17",,,,,,,
"April 9, 3606","A9",,,,,,,
"April 1, 3607","A1",,,,,,,
"April 20, 3608","A20",,,,,,,
"April 5, 3609","A5",,,,,,,
"March 28, 3610","M28",,,,,,,
"April 10, 3611","A10",,,,,,,
"April 1, 3612","A1",,,,,,,
"April 21, 3613","A21",,,,,,,
"April 13, 3614","A13",,,,,,,
"March 29, 3615","M29",,,,,,,
"April 17, 3616","A17",,,,,,,
"April 9, 3617","A9",,,,,,,
"March 25, 3618","M25",,,,,,,
"April 14, 3619","A14",,,,,,,
"April 5, 3620","A5",,,,,,,
"April 25, 3621","A25",,,,,,,
"April 10, 3622","A10",,,,,,,
"April 2, 3623","A2",,,,,,,
"April 21, 3624","A21",,,,,,,
"April 6, 3625","A6",,,,,,,
"March 29, 3626","M29",,,,,,,
"April 18, 3627","A18",,,,,,,
"April 9, 3628","A9",,,,,,,
"March 25, 3629","M25",,,,,,,
"April 14, 3630","A14",,,,,,,
"March 30, 3631","M30",,,,,,,
"April 18, 3632","A18",,,,,,,
"April 10, 3633","A10",,,,,,,
"April 2, 3634","A2",,,,,,,
"April 15, 3635","A15",,,,,,,
"April 6, 3636","A6",,,,,,,
"March 29, 3637","M29",,,,,,,
"April 18, 3638","A18",,,,,,,
"April 3, 3639","A3",,,,,,,
"April 22, 3640","A22",,,,,,,
"April 14, 3641","A14",,,,,,,
"March 30, 3642","M30",,,,,,,
"April 19, 3643","A19",,,,,,,
"April 10, 3644","A10",,,,,,,
"March 26, 3645","M26",,,,,,,
"April 15, 3646","A15",,,,,,,
"April 7, 3647","A7",,,,,,,
"March 22, 3648","M22",,,,,,,
"April 11, 3649","A11",,,,,,,
"April 3, 3650","A3",,,,,,,
"April 23, 3651","A23",,,,,,,
"April 7, 3652","A7",,,,,,,
"March 30, 3653","M30",,,,,,,
"April 19, 3654","A19",,,,,,,
"April 4, 3655","A4",,,,,,,
"March 26, 3656","M26",,,,,,,
"April 15, 3657","A15",,,,,,,
"April 7, 3658","A7",,,,,,,
"April 20, 3659","A20",,,,,,,
"April 11, 3660","A11",,,,,,,
"April 3, 3661","A3",,,,,,,
"April 23, 3662","A23",,,,,,,
"April 8, 3663","A8",,,,,,,
"March 30, 3664","M30",,,,,,,
"April 19, 3665","A19",,,,,,,
"April 4, 3666","A4",,,,,,,
"March 27, 3667","M27",,,,,,,
"April 15, 3668","A15",,,,,,,
"March 31, 3669","M31",,,,,,,
"April 20, 3670","A20",,,,,,,
"April 12, 3671","A12",,,,,,,
"March 27, 3672","M27",,,,,,,
"April 16, 3673","A16",,,,,,,
"April 8, 3674","A8",,,,,,,
"March 24, 3675","M24",,,,,,,
"April 12, 3676","A12",,,,,,,
"April 4, 3677","A4",,,,,,,
"April 24, 3678","A24",,,,,,,
"April 9, 3679","A9",,,,,,,
"March 31, 3680","M31",,,,,,,
"April 20, 3681","A20",,,,,,,
"April 12, 3682","A12",,,,,,,
"March 28, 3683","M28",,,,,,,
"April 16, 3684","A16",,,,,,,
"April 8, 3685","A8",,,,,,,
"March 24, 3686","M24",,,,,,,
"April 13, 3687","A13",,,,,,,
"April 4, 3688","A4",,,,,,,
"April 24, 3689","A24",,,,,,,
"April 9, 3690","A9",,,,,,,
"April 1, 3691","A1",,,,,,,
"April 20, 3692","A20",,,,,,,
"April 5, 3693","A5",,,,,,,
"March 28, 3694","M28",,,,,,,
"April 17, 3695","A17",,,,,,,
"April 1, 3696","A1",,,,,,,
"April 21, 3697","A21",,,,,,,
"April 13, 3698","A13",,,,,,,
"March 29, 3699","M29",,,,,,,
"April 18, 3700","A18",,,,,,,
"April 10, 3701","A10",,,,,,,
"April 2, 3702","A2",,,,,,,
"April 15, 3703","A15",,,,,,,
"April 6, 3704","A6",,,,,,,
"March 29, 3705","M29",,,,,,,
"April 11, 3706","A11",,,,,,,
"April 3, 3707","A3",,,,,,,
"April 22, 3708","A22",,,,,,,
"April 14, 3709","A14",,,,,,,
"March 30, 3710","M30",,,,,,,
"April 19, 3711","A19",,,,,,,
"April 10, 3712","A10",,,,,,,
"March 26, 3713","M26",,,,,,,
"April 15, 3714","A15",,,,,,,
"April 7, 3715","A7",,,,,,,
"March 22, 3716","M22",,,,,,,
"April 11, 3717","A11",,,,,,,
"April 3, 3718","A3",,,,,,,
"April 23, 3719","A23",,,,,,,
"April 7, 3720","A7",,,,,,,
"March 30, 3721","M30",,,,,,,
"April 19, 3722","A19",,,,,,,
"April 4, 3723","A4",,,,,,,
"March 26, 3724","M26",,,,,,,
"April 15, 3725","A15",,,,,,,
"March 31, 3726","M31",,,,,,,
"April 20, 3727","A20",,,,,,,
"April 11, 3728","A11",,,,,,,
"April 3, 3729","A3",,,,,,,
"April 16, 3730","A16",,,,,,,
"April 8, 3731","A8",,,,,,,
"March 30, 3732","M30",,,,,,,
"April 19, 3733","A19",,,,,,,
"April 4, 3734","A4",,,,,,,
"March 27, 3735","M27",,,,,,,
"April 15, 3736","A15",,,,,,,
"March 31, 3737","M31",,,,,,,
"April 20, 3738","A20",,,,,,,
"April 12, 3739","A12",,,,,,,
"March 27, 3740","M27",,,,,,,
"April 16, 3741","A16",,,,,,,
"April 8, 3742","A8",,,,,,,
"March 24, 3743","M24",,,,,,,
"April 12, 3744","A12",,,,,,,
"April 4, 3745","A4",,,,,,,
"April 24, 3746","A24",,,,,,,
"April 9, 3747","A9",,,,,,,
"March 31, 3748","M31",,,,,,,
"April 20, 3749","A20",,,,,,,
"April 5, 3750","A5",,,,,,,
"March 28, 3751","M28",,,,,,,
"April 16, 3752","A16",,,,,,,
"April 8, 3753","A8",,,,,,,
"March 24, 3754","M24",,,,,,,
"April 13, 3755","A13",,,,,,,
"April 4, 3756","A4",,,,,,,
"April 24, 3757","A24",,,,,,,
"April 9, 3758","A9",,,,,,,
"April 1, 3759","A1",,,,,,,
"April 20, 3760","A20",,,,,,,
"April 5, 3761","A5",,,,,,,
"March 28, 3762","M28",,,,,,,
"April 17, 3763","A17",,,,,,,
"April 1, 3764","A1",,,,,,,
"April 21, 3765","A21",,,,,,,
"April 13, 3766","A13",,,,,,,
"March 29, 3767","M29",,,,,,,
"April 17, 3768","A17",,,,,,,
"April 9, 3769","A9",,,,,,,
"March 25, 3770","M25",,,,,,,
"April 14, 3771","A14",,,,,,,
"April 5, 3772","A5",,,,,,,
"March 28, 3773","M28",,,,,,,
"April 10, 3774","A10",,,,,,,
"April 2, 3775","A2",,,,,,,
"April 21, 3776","A21",,,,,,,
"April 13, 3777","A13",,,,,,,
"March 29, 3778","M29",,,,,,,
"April 18, 3779","A18",,,,,,,
"April 9, 3780","A9",,,,,,,
"March 25, 3781","M25",,,,,,,
"April 14, 3782","A14",,,,,,,
"April 6, 3783","A6",,,,,,,
"April 25, 3784","A25",,,,,,,
"April 10, 3785","A10",,,,,,,
"April 2, 3786","A2",,,,,,,
"April 22, 3787","A22",,,,,,,
"April 6, 3788","A6",,,,,,,
"March 29, 3789","M29",,,,,,,
"April 18, 3790","A18",,,,,,,
"April 3, 3791","A3",,,,,,,
"March 25, 3792","M25",,,,,,,
"April 14, 3793","A14",,,,,,,
"March 30, 3794","M30",,,,,,,
"April 19, 3795","A19",,,,,,,
"April 10, 3796","A10",,,,,,,
"April 2, 3797","A2",,,,,,,
"April 15, 3798","A15",,,,,,,
"April 7, 3799","A7",,,,,,,
"March 30, 3800","M30",,,,,,,
"April 12, 3801","A12",,,,,,,
"April 4, 3802","A4",,,,,,,
"April 24, 3803","A24",,,,,,,
"April 15, 3804","A15",,,,,,,
"March 31, 3805","M31",,,,,,,
"April 20, 3806","A20",,,,,,,
"April 12, 3807","A12",,,,,,,
"March 27, 3808","M27",,,,,,,
"April 16, 3809","A16",,,,,,,
"April 8, 3810","A8",,,,,,,
"March 24, 3811","M24",,,,,,,
"April 12, 3812","A12",,,,,,,
"April 4, 3813","A4",,,,,,,
"April 24, 3814","A24",,,,,,,
"April 9, 3815","A9",,,,,,,
"March 31, 3816","M31",,,,,,,
"April 20, 3817","A20",,,,,,,
"April 5, 3818","A5",,,,,,,
"March 28, 3819","M28",,,,,,,
"April 16, 3820","A16",,,,,,,
"April 1, 3821","A1",,,,,,,
"April 21, 3822","A21",,,,,,,
"April 13, 3823","A13",,,,,,,
"April 4, 3824","A4",,,,,,,
"April 17, 3825","A17",,,,,,,
"April 9, 3826","A9",,,,,,,
"April 1, 3827","A1",,,,,,,
"April 20, 3828","A20",,,,,,,
"April 5, 3829","A5",,,,,,,
"March 28, 3830","M28",,,,,,,
"April 17, 3831","A17",,,,,,,
"April 1, 3832","A1",,,,,,,
"April 21, 3833","A21",,,,,,,
"April 13, 3834","A13",,,,,,,
"March 29, 3835","M29",,,,,,,
"April 17, 3836","A17",,,,,,,
"April 9, 3837","A9",,,,,,,
"March 25, 3838","M25",,,,,,,
"April 14, 3839","A14",,,,,,,
"April 5, 3840","A5",,,,,,,
"April 25, 3841","A25",,,,,,,
"April 10, 3842","A10",,,,,,,
"April 2, 3843","A2",,,,,,,
"April 21, 3844","A21",,,,,,,
"April 6, 3845","A6",,,,,,,
"March 29, 3846","M29",,,,,,,
"April 18, 3847","A18",,,,,,,
"April 9, 3848","A9",,,,,,,
"March 25, 3849","M25",,,,,,,
"April 14, 3850","A14",,,,,,,
"April 6, 3851","A6",,,,,,,
"April 18, 3852","A18",,,,,,,
"April 10, 3853","A10",,,,,,,
"April 2, 3854","A2",,,,,,,
"April 22, 3855","A22",,,,,,,
"April 6, 3856","A6",,,,,,,
"March 29, 3857","M29",,,,,,,
"April 18, 3858","A18",,,,,,,
"April 3, 3859","A3",,,,,,,
"April 22, 3860","A22",,,,,,,
"April 14, 3861","A14",,,,,,,
"March 30, 3862","M30",,,,,,,
"April 19, 3863","A19",,,,,,,
"April 10, 3864","A10",,,,,,,
"March 26, 3865","M26",,,,,,,
"April 15, 3866","A15",,,,,,,
"April 7, 3867","A7",,,,,,,
"March 29, 3868","M29",,,,,,,
"April 11, 3869","A11",,,,,,,
"April 3, 3870","A3",,,,,,,
"April 23, 3871","A23",,,,,,,
"April 14, 3872","A14",,,,,,,
"March 30, 3873","M30",,,,,,,
"April 19, 3874","A19",,,,,,,
"April 11, 3875","A11",,,,,,,
"March 26, 3876","M26",,,,,,,
"April 15, 3877","A15",,,,,,,
"April 7, 3878","A7",,,,,,,
"April 20, 3879","A20",,,,,,,
"April 11, 3880","A11",,,,,,,
"April 3, 3881","A3",,,,,,,
"April 23, 3882","A23",,,,,,,
"April 8, 3883","A8",,,,,,,
"March 30, 3884","M30",,,,,,,
"April 19, 3885","A19",,,,,,,
"April 4, 3886","A4",,,,,,,
"March 27, 3887","M27",,,,,,,
"April 15, 3888","A15",,,,,,,
"March 31, 3889","M31",,,,,,,
"April 20, 3890","A20",,,,,,,
"April 12, 3891","A12",,,,,,,
"April 3, 3892","A3",,,,,,,
"April 16, 3893","A16",,,,,,,
"April 8, 3894","A8",,,,,,,
"March 24, 3895","M24",,,,,,,
"April 12, 3896","A12",,,,,,,
"April 4, 3897","A4",,,,,,,
"April 24, 3898","A24",,,,,,,
"April 9, 3899","A9",,,,,,,
"April 1, 3900","A1",,,,,,,
"April 21, 3901","A21",,,,,,,
"April 6, 3902","A6",,,,,,,
"March 29, 3903","M29",,,,,,,
"April 17, 3904","A17",,,,,,,
"April 9, 3905","A9",,,,,,,
"March 25, 3906","M25",,,,,,,
"April 14, 3907","A14",,,,,,,
"April 5, 3908","A5",,,,,,,
"April 18, 3909","A18",,,,,,,
"April 10, 3910","A10",,,,,,,
"April 2, 3911","A2",,,,,,,
"April 21, 3912","A21",,,,,,,
"April 6, 3913","A6",,,,,,,
"March 29, 3914","M29",,,,,,,
"April 18, 3915","A18",,,,,,,
"April 2, 3916","A2",,,,,,,
"April 22, 3917","A22",,,,,,,
"April 14, 3918","A14",,,,,,,
"March 30, 3919","M30",,,,,,,
"April 18, 3920","A18",,,,,,,
"April 10, 3921","A10",,,,,,,
"March 26, 3922","M26",,,,,,,
"April 15, 3923","A15",,,,,,,
"April 6, 3924","A6",,,,,,,
"March 29, 3925","M29",,,,,,,
"April 11, 3926","A11",,,,,,,
"April 3, 3927","A3",,,,,,,
"April 22, 3928","A22",,,,,,,
"April 14, 3929","A14",,,,,,,
"March 30, 3930","M30",,,,,,,
"April 19, 3931","A19",,,,,,,
"April 10, 3932","A10",,,,,,,
"March 26, 3933","M26",,,,,,,
"April 15, 3934","A15",,,,,,,
"April 7, 3935","A7",,,,,,,
"April 19, 3936","A19",,,,,,,
"April 11, 3937","A11",,,,,,,
"April 3, 3938","A3",,,,,,,
"April 23, 3939","A23",,,,,,,
"April 7, 3940","A7",,,,,,,
"March 30, 3941","M30",,,,,,,
"April 19, 3942","A19",,,,,,,
"April 4, 3943","A4",,,,,,,
"March 26, 3944","M26",,,,,,,
"April 15, 3945","A15",,,,,,,
"March 31, 3946","M31",,,,,,,
"April 20, 3947","A20",,,,,,,
"April 11, 3948","A11",,,,,,,
"April 3, 3949","A3",,,,,,,
"April 16, 3950","A16",,,,,,,
"April 8, 3951","A8",,,,,,,
"March 30, 3952","M30",,,,,,,
"April 12, 3953","A12",,,,,,,
"April 4, 3954","A4",,,,,,,
"April 24, 3955","A24",,,,,,,
"April 15, 3956","A15",,,,,,,
"March 31, 3957","M31",,,,,,,
"April 20, 3958","A20",,,,,,,
"April 12, 3959","A12",,,,,,,
"March 27, 3960","M27",,,,,,,
"April 16, 3961","A16",,,,,,,
"April 8, 3962","A8",,,,,,,
"March 24, 3963","M24",,,,,,,
"April 12, 3964","A12",,,,,,,
"April 4, 3965","A4",,,,,,,
"April 24, 3966","A24",,,,,,,
"April 9, 3967","A9",,,,,,,
"March 31, 3968","M31",,,,,,,
"April 20, 3969","A20",,,,,,,
"April 5, 3970","A5",,,,,,,
"March 28, 3971","M28",,,,,,,
"April 16, 3972","A16",,,,,,,
"April 1, 3973","A1",,,,,,,
"April 21, 3974","A21",,,,,,,
"April 13, 3975","A13",,,,,,,
"April 4, 3976","A4",,,,,,,
"April 17, 3977","A17",,,,,,,
"April 9, 3978","A9",,,,,,,
"April 1, 3979","A1",,,,,,,
"April 20, 3980","A20",,,,,,,
"April 5, 3981","A5",,,,,,,
"March 28, 3982","M28",,,,,,,
"April 17, 3983","A17",,,,,,,
"April 1, 3984","A1",,,,,,,
"April 21, 3985","A21",,,,,,,
"April 13, 3986","A13",,,,,,,
"March 29, 3987","M29",,,,,,,
"April 17, 3988","A17",,,,,,,
"April 9, 3989","A9",,,,,,,
"March 25, 3990","M25",,,,,,,
"April 14, 3991","A14",,,,,,,
"April 5, 3992","A5",,,,,,,
"April 25, 3993","A25",,,,,,,
"April 10, 3994","A10",,,,,,,
"April 2, 3995","A2",,,,,,,
"April 21, 3996","A21",,,,,,,
"April 6, 3997","A6",,,,,,,
"March 29, 3998","M29",,,,,,,
"April 18, 3999","A18",,,,,,,
"April 9, 4000","A9",,,,,,,
*,"M25",,,,,,,
*,"A14",,,,,,,
*,"A6",,,,,,,
*,"A18",,,,,,,
*,"A10",,,,,,,
*,"A2",,,,,,,
*,"A22",,,,,,,
*,"A6",,,,,,,
*,"M29",,,,,,,
*,"A18",,,,,,,
*,"A3",,,,,,,
*,"A22",,,,,,,
*,"A14",,,,,,,
*,"M30",,,,,,,
*,"A19",,,,,,,
*,"A10",,,,,,,
*,"M26",,,,,,,
*,"A15",,,,,,,
*,"A7",,,,,,,
*,"M29",,,,,,,
*,"A11",,,,,,,
*,"A3",,,,,,,
*,"A23",,,,,,,
*,"A14",,,,,,,
*,"M30",,,,,,,
*,"A19",,,,,,,
*,"A11",,,,,,,
*,"M26",,,,,,,
*,"A15",,,,,,,
*,"A7",,,,,,,
*,"A20",,,,,,,
*,"A11",,,,,,,
*,"A3",,,,,,,
*,"A23",,,,,,,
*,"A8",,,,,,,
*,"M30",,,,,,,
*,"A19",,,,,,,
*,"A4",,,,,,,
*,"M27",,,,,,,
*,"A15",,,,,,,
*,"M31",,,,,,,
*,"A20",,,,,,,
*,"A12",,,,,,,
*,"A3",,,,,,,
*,"A16",,,,,,,
*,"A8",,,,,,,
*,"M24",,,,,,,
*,"A12",,,,,,,
*,"A4",,,,,,,
*,"A24",,,,,,,
*,"A9",,,,,,,
*,"M31",,,,,,,
*,"A20",,,,,,,
*,"A12",,,,,,,
*,"M28",,,,,,,
*,"A16",,,,,,,
*,"A8",,,,,,,
*,"M24",,,,,,,
*,"A13",,,,,,,
*,"A4",,,,,,,
*,"A24",,,,,,,
*,"A9",,,,,,,
*,"A1",,,,,,,
*,"A20",,,,,,,
*,"A5",,,,,,,
*,"M28",,,,,,,
*,"A17",,,,,,,
*,"A1",,,,,,,
*,"A21",,,,,,,
*,"A13",,,,,,,
*,"M29",,,,,,,
*,"A17",,,,,,,
*,"A9",,,,,,,
*,"A1",,,,,,,
*,"A14",,,,,,,
*,"A5",,,,,,,
*,"M28",,,,,,,
*,"A17",,,,,,,
*,"A2",,,,,,,
*,"A21",,,,,,,
*,"A13",,,,,,,
*,"M29",,,,,,,
*,"A18",,,,,,,
*,"A9",,,,,,,
*,"M25",,,,,,,
*,"A14",,,,,,,
*,"A6",,,,,,,
*,"A25",,,,,,,
*,"A10",,,,,,,
*,"A2",,,,,,,
*,"A22",,,,,,,
*,"A6",,,,,,,
*,"M29",,,,,,,
*,"A18",,,,,,,
*,"A3",,,,,,,
*,"M25",,,,,,,
*,"A14",,,,,,,
*,"A6",,,,,,,
*,"A19",,,,,,,
